run_report,dataset,divisor_size,method,seed,final_objective,total_runtime_sec,evaluation_count,time_to_best_sec,validation_relative_improvement_pct,run_file,validation_file
data/experiments/30_dset_20260409T115651Z/ga/optimize_20260409T121032Z/ga_optimize_20260409T121032Z_report.md?display_name=%F0%9F%93%84,data/numbers/30_dset_20260409T115651Z/train.json?display_name=30_dset_20260409T115651Z,30,ga,20011,0.9067483684921172,97.40160868200473,316,71.88674652698683,87.48645425114208,data/experiments/30_dset_20260409T115651Z/ga/optimize_20260409T121032Z/ga_optimize_20260409T121032Z.json?display_name=ga_optimize_20260409T121032Z.json,data/experiments/30_dset_20260409T115651Z/ga/optimize_20260409T121032Z/ga_validate_20260409T121038Z.json?display_name=ga_validate_20260409T121038Z.json
data/experiments/30_dset_20260409T115651Z/ga/optimize_20260409T121230Z/ga_optimize_20260409T121230Z_report.md?display_name=%F0%9F%93%84,data/numbers/30_dset_20260409T115651Z/train.json?display_name=30_dset_20260409T115651Z,30,ga,20011,0.9474575988133438,104.93565807701088,316,53.294535336026456,87.00125511564627,data/experiments/30_dset_20260409T115651Z/ga/optimize_20260409T121230Z/ga_optimize_20260409T121230Z.json?display_name=ga_optimize_20260409T121230Z.json,data/experiments/30_dset_20260409T115651Z/ga/optimize_20260409T121230Z/ga_validate_20260409T121236Z.json?display_name=ga_validate_20260409T121236Z.json
data/experiments/30_dset_20260409T115651Z/ga/optimize_20260409T121407Z/ga_optimize_20260409T121407Z_report.md?display_name=%F0%9F%93%84,data/numbers/30_dset_20260409T115651Z/train.json?display_name=30_dset_20260409T115651Z,30,ga,20011,0.884247826266801,96.65232035098597,316,66.47423724801047,87.84860604964705,data/experiments/30_dset_20260409T115651Z/ga/optimize_20260409T121407Z/ga_optimize_20260409T121407Z.json?display_name=ga_optimize_20260409T121407Z.json,data/experiments/30_dset_20260409T115651Z/ga/optimize_20260409T121407Z/ga_validate_20260409T121413Z.json?display_name=ga_validate_20260409T121413Z.json
