divisor_size,run_count,median_objective,cv_objective,median_gain_pct
20,3,0.6393596139678266,0.02235498688749116,35.32327993367329
