group_a,group_b,win_rate_a,win_rate_b
25_dset_20260409T103515Z,25_dset_20260409T105031Z,0.39111111111111113,0.6088888888888888
25_dset_20260409T103515Z,25_dset_20260409T110755Z,0.5066666666666667,0.4933333333333333
25_dset_20260409T105031Z,25_dset_20260409T110755Z,0.6355555555555555,0.36444444444444446
