divisor_size,run_count,median_objective,cv_objective,median_gain_pct
25,3,0.711358899337938,0.022150988337248757,60.55421043220098
