divisor_size,run_count,median_objective,cv_objective,median_gain_pct
25,3,0.8295050601300318,0.014364520200536105,56.88893712454094
