run_report,dataset,divisor_size,method,seed,final_objective,total_runtime_sec,evaluation_count,time_to_best_sec,validation_relative_improvement_pct,run_file,validation_file
data/experiments/25_dset_20260409T103515Z/rs/optimize_20260409T104051Z/rs_optimize_20260409T104051Z_report.md?display_name=%F0%9F%93%84,data/numbers/25_dset_20260409T103515Z/train.json?display_name=25_dset_20260409T103515Z,25,rs,10007,0.8295050601300318,28.226312721031718,60,15.309985300991684,56.88893712454094,data/experiments/25_dset_20260409T103515Z/rs/optimize_20260409T104051Z/rs_optimize_20260409T104051Z.json?display_name=rs_optimize_20260409T104051Z.json,data/experiments/25_dset_20260409T103515Z/rs/optimize_20260409T104051Z/rs_validate_20260409T104055Z.json?display_name=rs_validate_20260409T104055Z.json
data/experiments/25_dset_20260409T103515Z/rs/optimize_20260409T104121Z/rs_optimize_20260409T104121Z_report.md?display_name=%F0%9F%93%84,data/numbers/25_dset_20260409T103515Z/train.json?display_name=25_dset_20260409T103515Z,25,rs,10007,0.8288956869218964,28.668957645015325,60,15.598520285042468,56.416950310365245,data/experiments/25_dset_20260409T103515Z/rs/optimize_20260409T104121Z/rs_optimize_20260409T104121Z.json?display_name=rs_optimize_20260409T104121Z.json,data/experiments/25_dset_20260409T103515Z/rs/optimize_20260409T104121Z/rs_validate_20260409T104125Z.json?display_name=rs_validate_20260409T104125Z.json
data/experiments/25_dset_20260409T103515Z/rs/optimize_20260409T104152Z/rs_optimize_20260409T104152Z_report.md?display_name=%F0%9F%93%84,data/numbers/25_dset_20260409T103515Z/train.json?display_name=25_dset_20260409T103515Z,25,rs,10007,0.849996720906347,28.303574984020088,60,15.385087887989357,59.412027589920335,data/experiments/25_dset_20260409T103515Z/rs/optimize_20260409T104152Z/rs_optimize_20260409T104152Z.json?display_name=rs_optimize_20260409T104152Z.json,data/experiments/25_dset_20260409T103515Z/rs/optimize_20260409T104152Z/rs_validate_20260409T104155Z.json?display_name=rs_validate_20260409T104155Z.json
