divisor_size,run_count,median_objective,cv_objective,median_gain_pct
20,3,0.7933866459643468,0.12530931586142455,18.86487208602378
