divisor_size,run_count,median_objective,cv_objective,median_gain_pct
30,3,0.9210314613883384,0.03057588120905111,88.05258413551043
