divisor_size,run_count,median_objective,cv_objective,median_gain_pct
30,3,0.8243209120410029,0.038442343983188666,87.49352563953323
