group,run_count,median_objective,iqr_objective,success_share,median_runtime_sec,median_validation_gain_pct
20011,3,0.6712039879930671,0.004204718366963789,0.6666666666666666,54.22079702501651,59.876429022979785
