group,run_count,median_objective,iqr_objective,success_share,median_runtime_sec,median_validation_gain_pct
bo,3,0.6589011119795032,0.025310842975159176,0.6666666666666666,12.098437362990808,28.176306055236406
