divisor_size,run_count,median_objective,cv_objective,median_gain_pct
20,3,0.6337851487041917,0.004939489273411328,29.25788779794956
