divisor_size,run_count,median_objective,cv_objective,median_gain_pct
25,3,0.6712039879930671,0.006831067907242845,59.876429022979785
