run_report,dataset,divisor_size,method,seed,final_objective,total_runtime_sec,evaluation_count,time_to_best_sec,validation_relative_improvement_pct,run_file,validation_file
data/experiments/30_dset_20260409T115651Z/rs/optimize_20260409T120221Z/rs_optimize_20260409T120221Z_report.md?display_name=%F0%9F%93%84,data/numbers/30_dset_20260409T115651Z/train.json?display_name=30_dset_20260409T115651Z,30,rs,20011,1.2583986430545337,43.99812841799576,60,4.712821328022983,84.22359541399852,data/experiments/30_dset_20260409T115651Z/rs/optimize_20260409T120221Z/rs_optimize_20260409T120221Z.json?display_name=rs_optimize_20260409T120221Z.json,data/experiments/30_dset_20260409T115651Z/rs/optimize_20260409T120221Z/rs_validate_20260409T120228Z.json?display_name=rs_validate_20260409T120228Z.json
data/experiments/30_dset_20260409T115651Z/rs/optimize_20260409T120307Z/rs_optimize_20260409T120307Z_report.md?display_name=%F0%9F%93%84,data/numbers/30_dset_20260409T115651Z/train.json?display_name=30_dset_20260409T115651Z,30,rs,20011,1.251545596984215,43.728595014021266,60,4.632595925009809,84.1833297140996,data/experiments/30_dset_20260409T115651Z/rs/optimize_20260409T120307Z/rs_optimize_20260409T120307Z.json?display_name=rs_optimize_20260409T120307Z.json,data/experiments/30_dset_20260409T115651Z/rs/optimize_20260409T120307Z/rs_validate_20260409T120313Z.json?display_name=rs_validate_20260409T120313Z.json
data/experiments/30_dset_20260409T115651Z/rs/optimize_20260409T120357Z/rs_optimize_20260409T120357Z_report.md?display_name=%F0%9F%93%84,data/numbers/30_dset_20260409T115651Z/train.json?display_name=30_dset_20260409T115651Z,30,rs,20011,1.278884226368973,43.0711745780427,60,8.489861711044796,83.52486255438575,data/experiments/30_dset_20260409T115651Z/rs/optimize_20260409T120357Z/rs_optimize_20260409T120357Z.json?display_name=rs_optimize_20260409T120357Z.json,data/experiments/30_dset_20260409T115651Z/rs/optimize_20260409T120357Z/rs_validate_20260409T120402Z.json?display_name=rs_validate_20260409T120402Z.json
