divisor_size,run_count,median_objective,cv_objective,median_gain_pct
20,3,0.6589011119795032,0.04295653578665148,28.176306055236406
