run_report,dataset,divisor_size,method,seed,final_objective,total_runtime_sec,evaluation_count,time_to_best_sec,validation_relative_improvement_pct,run_file,validation_file
data/experiments/20_dset_20260409T100023Z/bo/optimize_20260409T100750Z/bo_optimize_20260409T100750Z_report.md?display_name=%F0%9F%93%84,data/numbers/20_dset_20260409T100023Z/train.json?display_name=20_dset_20260409T100023Z,20,bo,10007,0.6589011119795032,12.098437362990808,38,12.098177615029272,30.587413082307428,data/experiments/20_dset_20260409T100023Z/bo/optimize_20260409T100750Z/bo_optimize_20260409T100750Z.json?display_name=bo_optimize_20260409T100750Z.json,data/experiments/20_dset_20260409T100023Z/bo/optimize_20260409T100750Z/bo_validate_20260409T100753Z.json?display_name=bo_validate_20260409T100753Z.json
data/experiments/20_dset_20260409T100023Z/bo/optimize_20260409T100806Z/bo_optimize_20260409T100806Z_report.md?display_name=%F0%9F%93%84,data/numbers/20_dset_20260409T100023Z/train.json?display_name=20_dset_20260409T100023Z,20,bo,10007,0.7087535200989805,12.346273046976421,38,10.570198107976466,25.195741569886508,data/experiments/20_dset_20260409T100023Z/bo/optimize_20260409T100806Z/bo_optimize_20260409T100806Z.json?display_name=bo_optimize_20260409T100806Z.json,data/experiments/20_dset_20260409T100023Z/bo/optimize_20260409T100806Z/bo_validate_20260409T100809Z.json?display_name=bo_validate_20260409T100809Z.json
data/experiments/20_dset_20260409T100023Z/bo/optimize_20260409T100819Z/bo_optimize_20260409T100819Z_report.md?display_name=%F0%9F%93%84,data/numbers/20_dset_20260409T100023Z/train.json?display_name=20_dset_20260409T100023Z,20,bo,10007,0.6581318341486622,12.016015723987948,38,11.777113259013277,28.176306055236406,data/experiments/20_dset_20260409T100023Z/bo/optimize_20260409T100819Z/bo_optimize_20260409T100819Z.json?display_name=bo_optimize_20260409T100819Z.json,data/experiments/20_dset_20260409T100023Z/bo/optimize_20260409T100819Z/bo_validate_20260409T100822Z.json?display_name=bo_validate_20260409T100822Z.json
