divisor_size,run_count,median_objective,cv_objective,median_gain_pct
25,3,0.9668498655955773,0.008717080159402523,51.87599816248224
