group,run_count,median_objective,objective_ci_low,objective_ci_high,iqr_objective,cv_objective,success_share,median_runtime_sec,median_validation_gain_pct,validation_gain_ci_low,validation_gain_ci_high
20011,3,0.7231470757105853,0.7230282330710907,0.7253431095450651,0.0011574382369872183,0.0018008726227777484,0.0,79.45106209098594,63.62346685371539,62.7687883947783,63.68023665882937
