divisor_size,run_count,median_objective,cv_objective,median_gain_pct
25,3,0.7231470757105853,0.0018008726227777484,63.62346685371539
