run_report,dataset,divisor_size,method,seed,final_objective,total_runtime_sec,evaluation_count,time_to_best_sec,validation_relative_improvement_pct,run_file,validation_file
data/experiments/25_dset_20260409T105031Z/ga/optimize_20260409T110518Z/ga_optimize_20260409T110518Z_report.md?display_name=%F0%9F%93%84,data/numbers/25_dset_20260409T105031Z/train.json?display_name=25_dset_20260409T105031Z,25,ga,20011,0.7253431095450651,79.45106209098594,316,74.08575528103393,62.7687883947783,data/experiments/25_dset_20260409T105031Z/ga/optimize_20260409T110518Z/ga_optimize_20260409T110518Z.json?display_name=ga_optimize_20260409T110518Z.json,data/experiments/25_dset_20260409T105031Z/ga/optimize_20260409T110518Z/ga_validate_20260409T110522Z.json?display_name=ga_validate_20260409T110522Z.json
data/experiments/25_dset_20260409T105031Z/ga/optimize_20260409T110635Z/ga_optimize_20260409T110635Z_report.md?display_name=%F0%9F%93%84,data/numbers/25_dset_20260409T105031Z/train.json?display_name=25_dset_20260409T105031Z,25,ga,20011,0.7231470757105853,79.67471462796675,316,66.69382089900319,63.62346685371539,data/experiments/25_dset_20260409T105031Z/ga/optimize_20260409T110635Z/ga_optimize_20260409T110635Z.json?display_name=ga_optimize_20260409T110635Z.json,data/experiments/25_dset_20260409T105031Z/ga/optimize_20260409T110635Z/ga_validate_20260409T110638Z.json?display_name=ga_validate_20260409T110638Z.json
data/experiments/25_dset_20260409T105031Z/ga/optimize_20260409T110753Z/ga_optimize_20260409T110753Z_report.md?display_name=%F0%9F%93%84,data/numbers/25_dset_20260409T105031Z/train.json?display_name=25_dset_20260409T105031Z,25,ga,20011,0.7230282330710907,79.08995181199862,316,66.65179087896831,63.68023665882937,data/experiments/25_dset_20260409T105031Z/ga/optimize_20260409T110753Z/ga_optimize_20260409T110753Z.json?display_name=ga_optimize_20260409T110753Z.json,data/experiments/25_dset_20260409T105031Z/ga/optimize_20260409T110753Z/ga_validate_20260409T110754Z.json?display_name=ga_validate_20260409T110754Z.json
