run_report,dataset,divisor_size,method,seed,final_objective,total_runtime_sec,evaluation_count,time_to_best_sec,validation_relative_improvement_pct,run_file,validation_file
data/experiments/25_dset_20260409T110755Z/de/optimize_20260409T110917Z/de_optimize_20260409T110917Z_report.md?display_name=%F0%9F%93%84,data/numbers/25_dset_20260409T110755Z/train.json?display_name=25_dset_20260409T110755Z,25,de,30013,0.7540577975451015,86.84537460299907,220,85.00861478003208,63.090174331016456,data/experiments/25_dset_20260409T110755Z/de/optimize_20260409T110917Z/de_optimize_20260409T110917Z.json?display_name=de_optimize_20260409T110917Z.json,data/experiments/25_dset_20260409T110755Z/de/optimize_20260409T110917Z/de_validate_20260409T110921Z.json?display_name=de_validate_20260409T110921Z.json
data/experiments/25_dset_20260409T110755Z/de/optimize_20260409T111022Z/de_optimize_20260409T111022Z_report.md?display_name=%F0%9F%93%84,data/numbers/25_dset_20260409T110755Z/train.json?display_name=25_dset_20260409T110755Z,25,de,30013,0.740253790805582,67.3171729100286,220,64.6018870670232,61.94867296410771,data/experiments/25_dset_20260409T110755Z/de/optimize_20260409T111022Z/de_optimize_20260409T111022Z.json?display_name=de_optimize_20260409T111022Z.json,data/experiments/25_dset_20260409T110755Z/de/optimize_20260409T111022Z/de_validate_20260409T111025Z.json?display_name=de_validate_20260409T111025Z.json
data/experiments/25_dset_20260409T110755Z/de/optimize_20260409T111137Z/de_optimize_20260409T111137Z_report.md?display_name=%F0%9F%93%84,data/numbers/25_dset_20260409T110755Z/train.json?display_name=25_dset_20260409T110755Z,25,de,30013,0.765647879394237,73.22142221604008,220,34.53680757002439,61.380039121626474,data/experiments/25_dset_20260409T110755Z/de/optimize_20260409T111137Z/de_optimize_20260409T111137Z.json?display_name=de_optimize_20260409T111137Z.json,data/experiments/25_dset_20260409T110755Z/de/optimize_20260409T111137Z/de_validate_20260409T111136Z.json?display_name=de_validate_20260409T111136Z.json
