run_report,dataset,divisor_size,method,seed,final_objective,total_runtime_sec,evaluation_count,time_to_best_sec,validation_relative_improvement_pct,run_file,validation_file
data/experiments/20_dset_20260409T100023Z/rs/optimize_20260409T100351Z/rs_optimize_20260409T100351Z_report.md?display_name=%F0%9F%93%84,data/numbers/20_dset_20260409T100023Z/train.json?display_name=20_dset_20260409T100023Z,20,rs,10007,0.7977958814590238,24.931447356007993,60,7.448043775977567,20.62882589279043,data/experiments/20_dset_20260409T100023Z/rs/optimize_20260409T100351Z/rs_optimize_20260409T100351Z.json?display_name=rs_optimize_20260409T100351Z.json,data/experiments/20_dset_20260409T100023Z/rs/optimize_20260409T100351Z/rs_validate_20260409T100354Z.json?display_name=rs_validate_20260409T100354Z.json
data/experiments/20_dset_20260409T100023Z/rs/optimize_20260409T100416Z/rs_optimize_20260409T100416Z_report.md?display_name=%F0%9F%93%84,data/numbers/20_dset_20260409T100023Z/train.json?display_name=20_dset_20260409T100023Z,20,rs,10007,0.7874246875289828,24.15658832102781,60,13.139926968025975,24.05592155111818,data/experiments/20_dset_20260409T100023Z/rs/optimize_20260409T100416Z/rs_optimize_20260409T100416Z.json?display_name=rs_optimize_20260409T100416Z.json,data/experiments/20_dset_20260409T100023Z/rs/optimize_20260409T100416Z/rs_validate_20260409T100420Z.json?display_name=rs_validate_20260409T100420Z.json
data/experiments/20_dset_20260409T100023Z/rs/optimize_20260409T100442Z/rs_optimize_20260409T100442Z_report.md?display_name=%F0%9F%93%84,data/numbers/20_dset_20260409T100023Z/train.json?display_name=20_dset_20260409T100023Z,20,rs,10007,0.7607032053056173,24.152288801968098,60,13.105827132007107,33.034572322494284,data/experiments/20_dset_20260409T100023Z/rs/optimize_20260409T100442Z/rs_optimize_20260409T100442Z.json?display_name=rs_optimize_20260409T100442Z.json,data/experiments/20_dset_20260409T100023Z/rs/optimize_20260409T100442Z/rs_validate_20260409T100446Z.json?display_name=rs_validate_20260409T100446Z.json
