group,run_count,median_objective,iqr_objective,success_share,median_runtime_sec,median_validation_gain_pct
25_dset_20260409T105031Z,15,0.7231470757105853,0.08770367414399516,0.2,54.22079702501651,59.876429022979785
