group_a,group_b,win_rate_a,win_rate_b
20,25,0.8592592592592593,0.14074074074074072
20,30,0.9837037037037037,0.016296296296296253
25,30,0.9402469135802469,0.059753086419753076
