divisor_size,run_count,median_objective,cv_objective,median_gain_pct
20,3,0.6613662160234526,0.014891360878025856,28.24103555723811
