run_report,dataset,divisor_size,method,seed,final_objective,total_runtime_sec,evaluation_count,time_to_best_sec,validation_relative_improvement_pct,run_file,validation_file
data/experiments/20_dset_20260409T102256Z/ga/optimize_20260409T103253Z/ga_optimize_20260409T103253Z_report.md?display_name=%F0%9F%93%84,data/numbers/20_dset_20260409T102256Z/train.json?display_name=20_dset_20260409T102256Z,20,ga,30013,0.6338452550699003,72.83253727800911,316,68.33355823601596,29.25788779794956,data/experiments/20_dset_20260409T102256Z/ga/optimize_20260409T103253Z/ga_optimize_20260409T103253Z.json?display_name=ga_optimize_20260409T103253Z.json,data/experiments/20_dset_20260409T102256Z/ga/optimize_20260409T103253Z/ga_validate_20260409T103256Z.json?display_name=ga_validate_20260409T103256Z.json
data/experiments/20_dset_20260409T102256Z/ga/optimize_20260409T103402Z/ga_optimize_20260409T103402Z_report.md?display_name=%F0%9F%93%84,data/numbers/20_dset_20260409T102256Z/train.json?display_name=20_dset_20260409T102256Z,20,ga,30013,0.6337851487041917,70.22456851502648,316,68.5884305400541,31.55738144863196,data/experiments/20_dset_20260409T102256Z/ga/optimize_20260409T103402Z/ga_optimize_20260409T103402Z.json?display_name=ga_optimize_20260409T103402Z.json,data/experiments/20_dset_20260409T102256Z/ga/optimize_20260409T103402Z/ga_validate_20260409T103405Z.json?display_name=ga_validate_20260409T103405Z.json
data/experiments/20_dset_20260409T102256Z/ga/optimize_20260409T103511Z/ga_optimize_20260409T103511Z_report.md?display_name=%F0%9F%93%84,data/numbers/20_dset_20260409T102256Z/train.json?display_name=20_dset_20260409T102256Z,20,ga,30013,0.6284082999569364,70.01438264199533,316,59.09553816099651,27.18611293810057,data/experiments/20_dset_20260409T102256Z/ga/optimize_20260409T103511Z/ga_optimize_20260409T103511Z.json?display_name=ga_optimize_20260409T103511Z.json,data/experiments/20_dset_20260409T102256Z/ga/optimize_20260409T103511Z/ga_validate_20260409T103514Z.json?display_name=ga_validate_20260409T103514Z.json
