group,run_count,median_objective,iqr_objective,success_share,median_runtime_sec,median_validation_gain_pct
30013,3,0.6778200649423525,0.02395048124890309,0.6666666666666666,11.27551411400782,32.1979055568136
