run_report,dataset,divisor_size,method,seed,final_objective,total_runtime_sec,evaluation_count,time_to_best_sec,validation_relative_improvement_pct,run_file,validation_file
data/experiments/25_dset_20260409T105031Z/rs/optimize_20260409T105732Z/rs_optimize_20260409T105732Z_report.md?display_name=%F0%9F%93%84,data/numbers/25_dset_20260409T105031Z/train.json?display_name=25_dset_20260409T105031Z,25,rs,20011,0.9668498655955773,29.945851304975804,60,3.0984844749909826,46.131708357377136,data/experiments/25_dset_20260409T105031Z/rs/optimize_20260409T105732Z/rs_optimize_20260409T105732Z.json?display_name=rs_optimize_20260409T105732Z.json,data/experiments/25_dset_20260409T105031Z/rs/optimize_20260409T105732Z/rs_validate_20260409T105736Z.json?display_name=rs_validate_20260409T105736Z.json
data/experiments/25_dset_20260409T105031Z/rs/optimize_20260409T105805Z/rs_optimize_20260409T105805Z_report.md?display_name=%F0%9F%93%84,data/numbers/25_dset_20260409T105031Z/train.json?display_name=25_dset_20260409T105031Z,25,rs,20011,0.9701896763872355,30.033559455012437,60,3.1083498600055464,52.0113384616059,data/experiments/25_dset_20260409T105031Z/rs/optimize_20260409T105805Z/rs_optimize_20260409T105805Z.json?display_name=rs_optimize_20260409T105805Z.json,data/experiments/25_dset_20260409T105031Z/rs/optimize_20260409T105805Z/rs_validate_20260409T105808Z.json?display_name=rs_validate_20260409T105808Z.json
data/experiments/25_dset_20260409T105031Z/rs/optimize_20260409T105836Z/rs_optimize_20260409T105836Z_report.md?display_name=%F0%9F%93%84,data/numbers/25_dset_20260409T105031Z/train.json?display_name=25_dset_20260409T105031Z,25,rs,20011,0.9542587730393279,30.011150146019645,60,5.997165501001291,51.87599816248224,data/experiments/25_dset_20260409T105031Z/rs/optimize_20260409T105836Z/rs_optimize_20260409T105836Z.json?display_name=rs_optimize_20260409T105836Z.json,data/experiments/25_dset_20260409T105031Z/rs/optimize_20260409T105836Z/rs_validate_20260409T105840Z.json?display_name=rs_validate_20260409T105840Z.json
