run_report,dataset,divisor_size,method,seed,final_objective,total_runtime_sec,evaluation_count,time_to_best_sec,validation_relative_improvement_pct,run_file,validation_file
data/experiments/30_dset_20260409T121414Z/bo/optimize_20260409T123213Z/bo_optimize_20260409T123213Z_report.md?display_name=%F0%9F%93%84,data/numbers/30_dset_20260409T121414Z/train.json?display_name=30_dset_20260409T121414Z,30,bo,30013,0.9188956943689846,18.1689939040225,38,14.889243173995055,87.63284413959059,data/experiments/30_dset_20260409T121414Z/bo/optimize_20260409T123213Z/bo_optimize_20260409T123213Z.json?display_name=bo_optimize_20260409T123213Z.json,data/experiments/30_dset_20260409T121414Z/bo/optimize_20260409T123213Z/bo_validate_20260409T123219Z.json?display_name=bo_validate_20260409T123219Z.json
data/experiments/30_dset_20260409T121414Z/bo/optimize_20260409T123235Z/bo_optimize_20260409T123235Z_report.md?display_name=%F0%9F%93%84,data/numbers/30_dset_20260409T121414Z/train.json?display_name=30_dset_20260409T121414Z,30,bo,30013,0.9933621470700018,18.350531273987144,38,16.7997485929518,87.00574999804468,data/experiments/30_dset_20260409T121414Z/bo/optimize_20260409T123235Z/bo_optimize_20260409T123235Z.json?display_name=bo_optimize_20260409T123235Z.json,data/experiments/30_dset_20260409T121414Z/bo/optimize_20260409T123235Z/bo_validate_20260409T123242Z.json?display_name=bo_validate_20260409T123242Z.json
data/experiments/30_dset_20260409T121414Z/bo/optimize_20260409T123259Z/bo_optimize_20260409T123259Z_report.md?display_name=%F0%9F%93%84,data/numbers/30_dset_20260409T121414Z/train.json?display_name=30_dset_20260409T121414Z,30,bo,30013,0.9669097032456193,18.4405631700065,38,18.13545832503587,87.49818311318135,data/experiments/30_dset_20260409T121414Z/bo/optimize_20260409T123259Z/bo_optimize_20260409T123259Z.json?display_name=bo_optimize_20260409T123259Z.json,data/experiments/30_dset_20260409T121414Z/bo/optimize_20260409T123259Z/bo_validate_20260409T123305Z.json?display_name=bo_validate_20260409T123305Z.json
