group,run_count,median_objective,iqr_objective,success_share,median_runtime_sec,median_validation_gain_pct
25_dset_20260409T110755Z,15,0.7441745641990565,0.030284906941233203,0.0,58.72408286400605,61.94867296410771
