run_report,dataset,divisor_size,method,seed,final_objective,total_runtime_sec,evaluation_count,time_to_best_sec,validation_relative_improvement_pct,run_file,validation_file
data/experiments/25_dset_20260409T103515Z/pso/optimize_20260409T104249Z/pso_optimize_20260409T104249Z_report.md?display_name=%F0%9F%93%84,data/numbers/25_dset_20260409T103515Z/train.json?display_name=25_dset_20260409T103515Z,25,pso,10007,0.7127291978395078,58.00286263599992,234,21.928043671010528,62.76716486046412,data/experiments/25_dset_20260409T103515Z/pso/optimize_20260409T104249Z/pso_optimize_20260409T104249Z.json?display_name=pso_optimize_20260409T104249Z.json,data/experiments/25_dset_20260409T103515Z/pso/optimize_20260409T104249Z/pso_validate_20260409T104253Z.json?display_name=pso_validate_20260409T104253Z.json
data/experiments/25_dset_20260409T103515Z/pso/optimize_20260409T104346Z/pso_optimize_20260409T104346Z_report.md?display_name=%F0%9F%93%84,data/numbers/25_dset_20260409T103515Z/train.json?display_name=25_dset_20260409T103515Z,25,pso,10007,0.7094054248882458,57.7963050409453,234,28.41604630299844,61.822439917864244,data/experiments/25_dset_20260409T103515Z/pso/optimize_20260409T104346Z/pso_optimize_20260409T104346Z.json?display_name=pso_optimize_20260409T104346Z.json,data/experiments/25_dset_20260409T103515Z/pso/optimize_20260409T104346Z/pso_validate_20260409T104350Z.json?display_name=pso_validate_20260409T104350Z.json
data/experiments/25_dset_20260409T103515Z/pso/optimize_20260409T104532Z/pso_optimize_20260409T104532Z_report.md?display_name=%F0%9F%93%84,data/numbers/25_dset_20260409T103515Z/train.json?display_name=25_dset_20260409T103515Z,25,pso,10007,0.7067420844105072,69.0142608830356,234,35.36520711600315,62.09388365140936,data/experiments/25_dset_20260409T103515Z/pso/optimize_20260409T104532Z/pso_optimize_20260409T104532Z.json?display_name=pso_optimize_20260409T104532Z.json,data/experiments/25_dset_20260409T103515Z/pso/optimize_20260409T104532Z/pso_validate_20260409T104536Z.json?display_name=pso_validate_20260409T104536Z.json
