divisor_size,run_count,median_objective,cv_objective,median_gain_pct
25,3,0.7393588161212392,0.0020831393970461827,60.62357267535718
