divisor_size,run_count,median_objective,cv_objective,median_gain_pct
25,3,0.7180269492964726,0.009097388818680845,64.21194985454657
