divisor_size,run_count,median_objective,cv_objective,median_gain_pct
30,3,0.9509571833186783,0.03580257959632979,87.97863558670312
