group,run_count,median_objective,iqr_objective,success_share,median_runtime_sec,median_validation_gain_pct
25_dset_20260409T103515Z,15,0.7393588161212392,0.11715632493724115,0.0,58.00286263599992,60.268460349621776
