divisor_size,run_count,median_objective,cv_objective,median_gain_pct
20,3,0.6891930189740378,0.05915181088424568,26.101982135962665
