run_report,dataset,divisor_size,method,seed,final_objective,total_runtime_sec,evaluation_count,time_to_best_sec,validation_relative_improvement_pct,run_file,validation_file
data/experiments/20_dset_20260409T101157Z/bo/optimize_20260409T101900Z/bo_optimize_20260409T101900Z_report.md?display_name=%F0%9F%93%84,data/numbers/20_dset_20260409T101157Z/train.json?display_name=20_dset_20260409T101157Z,20,bo,20011,0.6495790912304074,11.731464514974505,38,9.5709905269905,35.87992673827446,data/experiments/20_dset_20260409T101157Z/bo/optimize_20260409T101900Z/bo_optimize_20260409T101900Z.json?display_name=bo_optimize_20260409T101900Z.json,data/experiments/20_dset_20260409T101157Z/bo/optimize_20260409T101900Z/bo_validate_20260409T101903Z.json?display_name=bo_validate_20260409T101903Z.json
data/experiments/20_dset_20260409T101157Z/bo/optimize_20260409T101913Z/bo_optimize_20260409T101913Z_report.md?display_name=%F0%9F%93%84,data/numbers/20_dset_20260409T101157Z/train.json?display_name=20_dset_20260409T101157Z,20,bo,20011,0.6739584024762735,12.157082683988847,38,11.433894738962408,31.139400782063248,data/experiments/20_dset_20260409T101157Z/bo/optimize_20260409T101913Z/bo_optimize_20260409T101913Z.json?display_name=bo_optimize_20260409T101913Z.json,data/experiments/20_dset_20260409T101157Z/bo/optimize_20260409T101913Z/bo_validate_20260409T101917Z.json?display_name=bo_validate_20260409T101917Z.json
data/experiments/20_dset_20260409T101157Z/bo/optimize_20260409T101929Z/bo_optimize_20260409T101929Z_report.md?display_name=%F0%9F%93%84,data/numbers/20_dset_20260409T101157Z/train.json?display_name=20_dset_20260409T101157Z,20,bo,20011,0.6387650787364691,11.767234878032468,38,11.767030171002261,23.158365587539333,data/experiments/20_dset_20260409T101157Z/bo/optimize_20260409T101929Z/bo_optimize_20260409T101929Z.json?display_name=bo_optimize_20260409T101929Z.json,data/experiments/20_dset_20260409T101157Z/bo/optimize_20260409T101929Z/bo_validate_20260409T101932Z.json?display_name=bo_validate_20260409T101932Z.json
