divisor_size,run_count,median_objective,cv_objective,median_gain_pct
20,3,0.6294896161125507,0.00896000604331465,34.8954409418594
