run_report,dataset,divisor_size,method,seed,final_objective,total_runtime_sec,evaluation_count,time_to_best_sec,validation_relative_improvement_pct,run_file,validation_file
data/experiments/30_dset_20260409T121414Z/ga/optimize_20260409T123436Z/ga_optimize_20260409T123436Z_report.md?display_name=%F0%9F%93%84,data/numbers/30_dset_20260409T121414Z/train.json?display_name=30_dset_20260409T121414Z,30,ga,30013,0.9720955167140346,99.58903169998666,316,96.32386780297384,88.00313192469956,data/experiments/30_dset_20260409T121414Z/ga/optimize_20260409T123436Z/ga_optimize_20260409T123436Z.json?display_name=ga_optimize_20260409T123436Z.json,data/experiments/30_dset_20260409T121414Z/ga/optimize_20260409T123436Z/ga_validate_20260409T123443Z.json?display_name=ga_validate_20260409T123443Z.json
data/experiments/30_dset_20260409T121414Z/ga/optimize_20260409T124047Z/ga_optimize_20260409T124047Z_report.md?display_name=%F0%9F%93%84,data/numbers/30_dset_20260409T121414Z/train.json?display_name=30_dset_20260409T121414Z,30,ga,30013,0.9925195185060147,116.20625607599504,316,68.29947679000907,87.18547983709618,data/experiments/30_dset_20260409T121414Z/ga/optimize_20260409T124047Z/ga_optimize_20260409T124047Z.json?display_name=ga_optimize_20260409T124047Z.json,data/experiments/30_dset_20260409T121414Z/ga/optimize_20260409T124047Z/ga_validate_20260409T124055Z.json?display_name=ga_validate_20260409T124055Z.json
data/experiments/30_dset_20260409T121414Z/ga/optimize_20260409T124234Z/ga_optimize_20260409T124234Z_report.md?display_name=%F0%9F%93%84,data/numbers/30_dset_20260409T121414Z/train.json?display_name=30_dset_20260409T121414Z,30,ga,30013,0.9297209183278028,101.27744849096052,316,74.68080239096889,86.9622262015303,data/experiments/30_dset_20260409T121414Z/ga/optimize_20260409T124234Z/ga_optimize_20260409T124234Z.json?display_name=ga_optimize_20260409T124234Z.json,data/experiments/30_dset_20260409T121414Z/ga/optimize_20260409T124234Z/ga_validate_20260409T124240Z.json?display_name=ga_validate_20260409T124240Z.json
