group_a,group_b,win_rate_a,win_rate_b
bo,de,0.7777777777777778,0.2222222222222222
bo,ga,0.1111111111111111,0.8888888888888888
bo,pso,0.0,1.0
bo,rs,1.0,0.0
de,ga,0.1111111111111111,0.8888888888888888
de,pso,0.0,1.0
de,rs,1.0,0.0
ga,pso,0.0,1.0
ga,rs,1.0,0.0
pso,rs,1.0,0.0
