run_report,dataset,divisor_size,method,seed,final_objective,total_runtime_sec,evaluation_count,time_to_best_sec,validation_relative_improvement_pct,run_file,validation_file
data/experiments/30_dset_20260409T115651Z/de/optimize_20260409T115831Z/de_optimize_20260409T115831Z_report.md?display_name=%F0%9F%93%84,data/numbers/30_dset_20260409T115651Z/train.json?display_name=30_dset_20260409T115651Z,30,de,20011,0.919232806598302,109.21194030501647,220,74.44283440103754,88.2286726482708,data/experiments/30_dset_20260409T115651Z/de/optimize_20260409T115831Z/de_optimize_20260409T115831Z.json?display_name=de_optimize_20260409T115831Z.json,data/experiments/30_dset_20260409T115651Z/de/optimize_20260409T115831Z/de_validate_20260409T115837Z.json?display_name=de_validate_20260409T115837Z.json
data/experiments/30_dset_20260409T115651Z/de/optimize_20260409T120004Z/de_optimize_20260409T120004Z_report.md?display_name=%F0%9F%93%84,data/numbers/30_dset_20260409T115651Z/train.json?display_name=30_dset_20260409T115651Z,30,de,20011,0.9048912509460934,94.05665998498444,220,93.19572346098721,88.42499745905891,data/experiments/30_dset_20260409T115651Z/de/optimize_20260409T120004Z/de_optimize_20260409T120004Z.json?display_name=de_optimize_20260409T120004Z.json,data/experiments/30_dset_20260409T115651Z/de/optimize_20260409T120004Z/de_validate_20260409T120010Z.json?display_name=de_validate_20260409T120010Z.json
data/experiments/30_dset_20260409T115651Z/de/optimize_20260409T120133Z/de_optimize_20260409T120133Z_report.md?display_name=%F0%9F%93%84,data/numbers/30_dset_20260409T115651Z/train.json?display_name=30_dset_20260409T115651Z,30,de,20011,0.9160098214342725,89.32699883601163,220,88.80270444601774,88.93986558650046,data/experiments/30_dset_20260409T115651Z/de/optimize_20260409T120133Z/de_optimize_20260409T120133Z.json?display_name=de_optimize_20260409T120133Z.json,data/experiments/30_dset_20260409T115651Z/de/optimize_20260409T120133Z/de_validate_20260409T120139Z.json?display_name=de_validate_20260409T120139Z.json
