run_report,dataset,divisor_size,method,seed,final_objective,total_runtime_sec,evaluation_count,time_to_best_sec,validation_relative_improvement_pct,run_file,validation_file
data/experiments/25_dset_20260409T105031Z/pso/optimize_20260409T110114Z/pso_optimize_20260409T110114Z_report.md?display_name=%F0%9F%93%84,data/numbers/25_dset_20260409T105031Z/train.json?display_name=25_dset_20260409T105031Z,25,pso,20011,0.670229462091811,70.99767242901726,234,13.527073574019596,58.270144194892595,data/experiments/25_dset_20260409T105031Z/pso/optimize_20260409T110114Z/pso_optimize_20260409T110114Z.json?display_name=pso_optimize_20260409T110114Z.json,data/experiments/25_dset_20260409T105031Z/pso/optimize_20260409T110114Z/pso_validate_20260409T110118Z.json?display_name=pso_validate_20260409T110118Z.json
data/experiments/25_dset_20260409T105031Z/pso/optimize_20260409T110213Z/pso_optimize_20260409T110213Z_report.md?display_name=%F0%9F%93%84,data/numbers/25_dset_20260409T105031Z/train.json?display_name=25_dset_20260409T105031Z,25,pso,20011,0.6786388988257386,53.399219042039476,234,12.483047617017291,59.876429022979785,data/experiments/25_dset_20260409T105031Z/pso/optimize_20260409T110213Z/pso_optimize_20260409T110213Z.json?display_name=pso_optimize_20260409T110213Z.json,data/experiments/25_dset_20260409T105031Z/pso/optimize_20260409T110213Z/pso_validate_20260409T110216Z.json?display_name=pso_validate_20260409T110216Z.json
data/experiments/25_dset_20260409T105031Z/pso/optimize_20260409T110308Z/pso_optimize_20260409T110308Z_report.md?display_name=%F0%9F%93%84,data/numbers/25_dset_20260409T105031Z/train.json?display_name=25_dset_20260409T105031Z,25,pso,20011,0.6712039879930671,54.22079702501651,234,18.519757561036386,60.91439436622992,data/experiments/25_dset_20260409T105031Z/pso/optimize_20260409T110308Z/pso_optimize_20260409T110308Z.json?display_name=pso_optimize_20260409T110308Z.json,data/experiments/25_dset_20260409T105031Z/pso/optimize_20260409T110308Z/pso_validate_20260409T110311Z.json?display_name=pso_validate_20260409T110311Z.json
