group_a,group_b,win_rate_a,win_rate_b
20_dset_20260409T100023Z,20_dset_20260409T101157Z,0.24444444444444444,0.7555555555555555
20_dset_20260409T100023Z,20_dset_20260409T102256Z,0.24,0.76
20_dset_20260409T101157Z,20_dset_20260409T102256Z,0.4888888888888889,0.5111111111111111
