run_report,dataset,divisor_size,method,seed,final_objective,total_runtime_sec,evaluation_count,time_to_best_sec,validation_relative_improvement_pct,run_file,validation_file
data/experiments/20_dset_20260409T101157Z/pso/optimize_20260409T101707Z/pso_optimize_20260409T101707Z_report.md?display_name=%F0%9F%93%84,data/numbers/20_dset_20260409T101157Z/train.json?display_name=20_dset_20260409T101157Z,20,pso,20011,0.6289120060973801,50.38409256696468,234,34.24927107495023,31.32250275505309,data/experiments/20_dset_20260409T101157Z/pso/optimize_20260409T101707Z/pso_optimize_20260409T101707Z.json?display_name=pso_optimize_20260409T101707Z.json,data/experiments/20_dset_20260409T101157Z/pso/optimize_20260409T101707Z/pso_validate_20260409T101707Z.json?display_name=pso_validate_20260409T101707Z.json
data/experiments/20_dset_20260409T101157Z/pso/optimize_20260409T101756Z/pso_optimize_20260409T101756Z_report.md?display_name=%F0%9F%93%84,data/numbers/20_dset_20260409T101157Z/train.json?display_name=20_dset_20260409T101157Z,20,pso,20011,0.6282480965892319,49.96879740100121,234,20.501857472991105,35.02483400320357,data/experiments/20_dset_20260409T101157Z/pso/optimize_20260409T101756Z/pso_optimize_20260409T101756Z.json?display_name=pso_optimize_20260409T101756Z.json,data/experiments/20_dset_20260409T101157Z/pso/optimize_20260409T101756Z/pso_validate_20260409T101759Z.json?display_name=pso_validate_20260409T101759Z.json
data/experiments/20_dset_20260409T101157Z/pso/optimize_20260409T101844Z/pso_optimize_20260409T101844Z_report.md?display_name=%F0%9F%93%84,data/numbers/20_dset_20260409T101157Z/train.json?display_name=20_dset_20260409T101157Z,20,pso,20011,0.6276172669022344,49.73092076397734,234,29.189038073003758,37.943623901988296,data/experiments/20_dset_20260409T101157Z/pso/optimize_20260409T101844Z/pso_optimize_20260409T101844Z.json?display_name=pso_optimize_20260409T101844Z.json,data/experiments/20_dset_20260409T101157Z/pso/optimize_20260409T101844Z/pso_validate_20260409T101847Z.json?display_name=pso_validate_20260409T101847Z.json
