divisor_size,run_count,median_objective,cv_objective,median_gain_pct
30,3,0.9669097032456193,0.039334181260780206,87.49818311318135
