divisor_size,run_count,median_objective,cv_objective,median_gain_pct
25,3,0.8387935695645865,0.022684623938038773,57.0454738297094
