run_report,dataset,divisor_size,method,seed,final_objective,total_runtime_sec,evaluation_count,time_to_best_sec,validation_relative_improvement_pct,run_file,validation_file
data/experiments/25_dset_20260409T105031Z/de/optimize_20260409T105447Z/de_optimize_20260409T105447Z_report.md?display_name=%F0%9F%93%84,data/numbers/25_dset_20260409T105031Z/train.json?display_name=25_dset_20260409T105031Z,25,de,20011,0.676202359405579,94.0002753509907,220,93.76472899399232,57.50983573702626,data/experiments/25_dset_20260409T105031Z/de/optimize_20260409T105447Z/de_optimize_20260409T105447Z.json?display_name=de_optimize_20260409T105447Z.json,data/experiments/25_dset_20260409T105031Z/de/optimize_20260409T105447Z/de_validate_20260409T105450Z.json?display_name=de_validate_20260409T105450Z.json
data/experiments/25_dset_20260409T105031Z/de/optimize_20260409T105554Z/de_optimize_20260409T105554Z_report.md?display_name=%F0%9F%93%84,data/numbers/25_dset_20260409T105031Z/train.json?display_name=25_dset_20260409T105031Z,25,de,20011,0.7201658698031679,67.61821446102113,220,20.931100904010236,60.375630895336904,data/experiments/25_dset_20260409T105031Z/de/optimize_20260409T105554Z/de_optimize_20260409T105554Z.json?display_name=de_optimize_20260409T105554Z.json,data/experiments/25_dset_20260409T105031Z/de/optimize_20260409T105554Z/de_validate_20260409T105558Z.json?display_name=de_validate_20260409T105558Z.json
data/experiments/25_dset_20260409T105031Z/de/optimize_20260409T105702Z/de_optimize_20260409T105702Z_report.md?display_name=%F0%9F%93%84,data/numbers/25_dset_20260409T105031Z/train.json?display_name=25_dset_20260409T105031Z,25,de,20011,0.7016646949632559,68.7338314409717,220,49.10395380796399,63.33733358665046,data/experiments/25_dset_20260409T105031Z/de/optimize_20260409T105702Z/de_optimize_20260409T105702Z.json?display_name=de_optimize_20260409T105702Z.json,data/experiments/25_dset_20260409T105031Z/de/optimize_20260409T105702Z/de_validate_20260409T105704Z.json?display_name=de_validate_20260409T105704Z.json
