group,run_count,median_objective,iqr_objective,success_share,median_runtime_sec,median_validation_gain_pct
30_dset_20260409T121414Z,15,0.9297209183278028,0.08413813942752313,0.0,70.93119788402691,87.49818311318135
