divisor_size,run_count,median_objective,cv_objective,median_gain_pct
30,3,1.0953403528255876,0.09344206361633853,86.23833158840742
