run_report,dataset,divisor_size,method,seed,final_objective,total_runtime_sec,evaluation_count,time_to_best_sec,validation_relative_improvement_pct,run_file,validation_file
data/experiments/30_dset_20260409T112558Z/rs/optimize_20260409T113555Z/rs_optimize_20260409T113555Z_report.md?display_name=%F0%9F%93%84,data/numbers/30_dset_20260409T112558Z/train.json?display_name=30_dset_20260409T112558Z,30,rs,10007,1.261891531466972,57.020041959010996,60,3.489507513004355,84.0327648753117,data/experiments/30_dset_20260409T112558Z/rs/optimize_20260409T113555Z/rs_optimize_20260409T113555Z.json?display_name=rs_optimize_20260409T113555Z.json,data/experiments/30_dset_20260409T112558Z/rs/optimize_20260409T113555Z/rs_validate_20260409T113601Z.json?display_name=rs_validate_20260409T113601Z.json
data/experiments/30_dset_20260409T112558Z/rs/optimize_20260409T113640Z/rs_optimize_20260409T113640Z_report.md?display_name=%F0%9F%93%84,data/numbers/30_dset_20260409T112558Z/train.json?display_name=30_dset_20260409T112558Z,30,rs,10007,1.0953403528255876,40.965970828954596,60,11.883245948003605,86.23833158840742,data/experiments/30_dset_20260409T112558Z/rs/optimize_20260409T113640Z/rs_optimize_20260409T113640Z.json?display_name=rs_optimize_20260409T113640Z.json,data/experiments/30_dset_20260409T112558Z/rs/optimize_20260409T113640Z/rs_validate_20260409T113646Z.json?display_name=rs_validate_20260409T113646Z.json
data/experiments/30_dset_20260409T112558Z/rs/optimize_20260409T114040Z/rs_optimize_20260409T114040Z_report.md?display_name=%F0%9F%93%84,data/numbers/30_dset_20260409T112558Z/train.json?display_name=30_dset_20260409T112558Z,30,rs,10007,1.0634980908653233,42.11248691100627,60,23.03472778701689,86.37918429149444,data/experiments/30_dset_20260409T112558Z/rs/optimize_20260409T114040Z/rs_optimize_20260409T114040Z.json?display_name=rs_optimize_20260409T114040Z.json,data/experiments/30_dset_20260409T112558Z/rs/optimize_20260409T114040Z/rs_validate_20260409T114045Z.json?display_name=rs_validate_20260409T114045Z.json
