run_report,dataset,divisor_size,method,seed,final_objective,total_runtime_sec,evaluation_count,time_to_best_sec,validation_relative_improvement_pct,run_file,validation_file
data/experiments/20_dset_20260409T101157Z/de/optimize_20260409T101246Z/de_optimize_20260409T101246Z_report.md?display_name=%F0%9F%93%84,data/numbers/20_dset_20260409T101157Z/train.json?display_name=20_dset_20260409T101157Z,20,de,20011,0.6407664045982528,54.005158441956155,220,51.95746223599417,35.32327993367329,data/experiments/20_dset_20260409T101157Z/de/optimize_20260409T101246Z/de_optimize_20260409T101246Z.json?display_name=de_optimize_20260409T101246Z.json,data/experiments/20_dset_20260409T101157Z/de/optimize_20260409T101246Z/de_validate_20260409T101249Z.json?display_name=de_validate_20260409T101249Z.json
data/experiments/20_dset_20260409T101157Z/de/optimize_20260409T101348Z/de_optimize_20260409T101348Z_report.md?display_name=%F0%9F%93%84,data/numbers/20_dset_20260409T101157Z/train.json?display_name=20_dset_20260409T101157Z,20,de,20011,0.6156255431968021,62.58083393401466,220,50.84109799901489,36.10235036610004,data/experiments/20_dset_20260409T101157Z/de/optimize_20260409T101348Z/de_optimize_20260409T101348Z.json?display_name=de_optimize_20260409T101348Z.json,data/experiments/20_dset_20260409T101157Z/de/optimize_20260409T101348Z/de_validate_20260409T101351Z.json?display_name=de_validate_20260409T101351Z.json
data/experiments/20_dset_20260409T101157Z/de/optimize_20260409T101446Z/de_optimize_20260409T101446Z_report.md?display_name=%F0%9F%93%84,data/numbers/20_dset_20260409T101157Z/train.json?display_name=20_dset_20260409T101157Z,20,de,20011,0.6393596139678266,59.46478765201755,220,54.89326903101755,29.208934305895813,data/experiments/20_dset_20260409T101157Z/de/optimize_20260409T101446Z/de_optimize_20260409T101446Z.json?display_name=de_optimize_20260409T101446Z.json,data/experiments/20_dset_20260409T101157Z/de/optimize_20260409T101446Z/de_validate_20260409T101449Z.json?display_name=de_validate_20260409T101449Z.json
