run_report,dataset,divisor_size,method,seed,final_objective,total_runtime_sec,evaluation_count,time_to_best_sec,validation_relative_improvement_pct,run_file,validation_file
data/experiments/30_dset_20260409T115651Z/pso/optimize_20260409T120503Z/pso_optimize_20260409T120503Z_report.md?display_name=%F0%9F%93%84,data/numbers/30_dset_20260409T115651Z/train.json?display_name=30_dset_20260409T115651Z,30,pso,20011,0.8124703503563069,63.36448877496878,234,7.585814253019635,87.68999983721662,data/experiments/30_dset_20260409T115651Z/pso/optimize_20260409T120503Z/pso_optimize_20260409T120503Z.json?display_name=pso_optimize_20260409T120503Z.json,data/experiments/30_dset_20260409T115651Z/pso/optimize_20260409T120503Z/pso_validate_20260409T120509Z.json?display_name=pso_validate_20260409T120509Z.json
data/experiments/30_dset_20260409T115651Z/pso/optimize_20260409T120618Z/pso_optimize_20260409T120618Z_report.md?display_name=%F0%9F%93%84,data/numbers/30_dset_20260409T115651Z/train.json?display_name=30_dset_20260409T115651Z,30,pso,20011,0.9196085532021243,73.03033244796097,234,72.50491937296465,88.5512830651858,data/experiments/30_dset_20260409T115651Z/pso/optimize_20260409T120618Z/pso_optimize_20260409T120618Z.json?display_name=pso_optimize_20260409T120618Z.json,data/experiments/30_dset_20260409T115651Z/pso/optimize_20260409T120618Z/pso_validate_20260409T120622Z.json?display_name=pso_validate_20260409T120622Z.json
data/experiments/30_dset_20260409T115651Z/pso/optimize_20260409T120741Z/pso_optimize_20260409T120741Z_report.md?display_name=%F0%9F%93%84,data/numbers/30_dset_20260409T115651Z/train.json?display_name=30_dset_20260409T115651Z,30,pso,20011,0.9119817171304021,83.95998122700257,234,58.84339809400262,87.32451540894908,data/experiments/30_dset_20260409T115651Z/pso/optimize_20260409T120741Z/pso_optimize_20260409T120741Z.json?display_name=pso_optimize_20260409T120741Z.json,data/experiments/30_dset_20260409T115651Z/pso/optimize_20260409T120741Z/pso_validate_20260409T120748Z.json?display_name=pso_validate_20260409T120748Z.json
