run_report,dataset,divisor_size,method,seed,final_objective,total_runtime_sec,evaluation_count,time_to_best_sec,validation_relative_improvement_pct,run_file,validation_file
data/experiments/25_dset_20260409T103515Z/bo/optimize_20260409T104555Z/bo_optimize_20260409T104555Z_report.md?display_name=%F0%9F%93%84,data/numbers/25_dset_20260409T103515Z/train.json?display_name=25_dset_20260409T103515Z,25,bo,10007,0.8549108211300336,18.65772076405119,38,14.728036506043281,52.67449274478633,data/experiments/25_dset_20260409T103515Z/bo/optimize_20260409T104555Z/bo_optimize_20260409T104555Z.json?display_name=bo_optimize_20260409T104555Z.json,data/experiments/25_dset_20260409T103515Z/bo/optimize_20260409T104555Z/bo_validate_20260409T104559Z.json?display_name=bo_validate_20260409T104559Z.json
data/experiments/25_dset_20260409T103515Z/bo/optimize_20260409T104615Z/bo_optimize_20260409T104615Z_report.md?display_name=%F0%9F%93%84,data/numbers/25_dset_20260409T103515Z/train.json?display_name=25_dset_20260409T103515Z,25,bo,10007,0.8387935695645865,15.401711804035585,38,13.304552626039367,58.06270891030524,data/experiments/25_dset_20260409T103515Z/bo/optimize_20260409T104615Z/bo_optimize_20260409T104615Z.json?display_name=bo_optimize_20260409T104615Z.json,data/experiments/25_dset_20260409T103515Z/bo/optimize_20260409T104615Z/bo_validate_20260409T104618Z.json?display_name=bo_validate_20260409T104618Z.json
data/experiments/25_dset_20260409T103515Z/bo/optimize_20260409T104632Z/bo_optimize_20260409T104632Z_report.md?display_name=%F0%9F%93%84,data/numbers/25_dset_20260409T103515Z/train.json?display_name=25_dset_20260409T103515Z,25,bo,10007,0.817077876708936,14.765027444984298,38,13.885407876980025,57.0454738297094,data/experiments/25_dset_20260409T103515Z/bo/optimize_20260409T104632Z/bo_optimize_20260409T104632Z.json?display_name=bo_optimize_20260409T104632Z.json,data/experiments/25_dset_20260409T103515Z/bo/optimize_20260409T104632Z/bo_validate_20260409T104635Z.json?display_name=bo_validate_20260409T104635Z.json
