group,run_count,median_objective,iqr_objective,success_share,median_runtime_sec,median_validation_gain_pct
10007,3,0.7007282604463398,0.046710804526810534,0.3333333333333333,57.823562348028645,33.31180716678468
