group,run_count,median_objective,iqr_objective,success_share,median_runtime_sec,median_validation_gain_pct
25,45,0.7387306482123677,0.09821388707496226,0.06666666666666667,58.615420911984984,60.62357267535718
