run_report,dataset,divisor_size,method,seed,final_objective,total_runtime_sec,evaluation_count,time_to_best_sec,validation_relative_improvement_pct,run_file,validation_file
data/experiments/25_dset_20260409T103515Z/ga/optimize_20260409T104752Z/ga_optimize_20260409T104752Z_report.md?display_name=%F0%9F%93%84,data/numbers/25_dset_20260409T103515Z/train.json?display_name=25_dset_20260409T103515Z,25,ga,10007,0.7381848970253486,80.37716624501627,316,76.15563495102106,60.268460349621776,data/experiments/25_dset_20260409T103515Z/ga/optimize_20260409T104752Z/ga_optimize_20260409T104752Z.json?display_name=ga_optimize_20260409T104752Z.json,data/experiments/25_dset_20260409T103515Z/ga/optimize_20260409T104752Z/ga_validate_20260409T104753Z.json?display_name=ga_validate_20260409T104753Z.json
data/experiments/25_dset_20260409T103515Z/ga/optimize_20260409T104909Z/ga_optimize_20260409T104909Z_report.md?display_name=%F0%9F%93%84,data/numbers/25_dset_20260409T103515Z/train.json?display_name=25_dset_20260409T103515Z,25,ga,10007,0.7412391428370029,80.10618728603004,316,69.32545945700258,60.96229400136054,data/experiments/25_dset_20260409T103515Z/ga/optimize_20260409T104909Z/ga_optimize_20260409T104909Z.json?display_name=ga_optimize_20260409T104909Z.json,data/experiments/25_dset_20260409T103515Z/ga/optimize_20260409T104909Z/ga_validate_20260409T104912Z.json?display_name=ga_validate_20260409T104912Z.json
data/experiments/25_dset_20260409T103515Z/ga/optimize_20260409T105027Z/ga_optimize_20260409T105027Z_report.md?display_name=%F0%9F%93%84,data/numbers/25_dset_20260409T103515Z/train.json?display_name=25_dset_20260409T103515Z,25,ga,10007,0.7393588161212392,81.10601972800214,316,64.07994703698205,60.62357267535718,data/experiments/25_dset_20260409T103515Z/ga/optimize_20260409T105027Z/ga_optimize_20260409T105027Z.json?display_name=ga_optimize_20260409T105027Z.json,data/experiments/25_dset_20260409T103515Z/ga/optimize_20260409T105027Z/ga_validate_20260409T105031Z.json?display_name=ga_validate_20260409T105031Z.json
