divisor_size,run_count,median_objective,cv_objective,median_gain_pct
20,3,0.6778200649423525,0.03814697681151487,32.1979055568136
