run_report,dataset,divisor_size,method,seed,final_objective,total_runtime_sec,evaluation_count,time_to_best_sec,validation_relative_improvement_pct,run_file,validation_file
data/experiments/30_dset_20260409T112558Z/de/optimize_20260409T112736Z/de_optimize_20260409T112736Z_report.md?display_name=%F0%9F%93%84,data/numbers/30_dset_20260409T112558Z/train.json?display_name=30_dset_20260409T112558Z,30,de,10007,0.9210314613883384,104.13188390701544,220,100.71649125596741,88.05258413551043,data/experiments/30_dset_20260409T112558Z/de/optimize_20260409T112736Z/de_optimize_20260409T112736Z.json?display_name=de_optimize_20260409T112736Z.json,data/experiments/30_dset_20260409T112558Z/de/optimize_20260409T112736Z/de_validate_20260409T112742Z.json?display_name=de_validate_20260409T112742Z.json
data/experiments/30_dset_20260409T112558Z/de/optimize_20260409T113311Z/de_optimize_20260409T113311Z_report.md?display_name=%F0%9F%93%84,data/numbers/30_dset_20260409T112558Z/train.json?display_name=30_dset_20260409T112558Z,30,de,10007,0.8739260919683147,96.93678706797073,220,23.721781461965293,86.82055670280153,data/experiments/30_dset_20260409T112558Z/de/optimize_20260409T113311Z/de_optimize_20260409T113311Z.json?display_name=de_optimize_20260409T113311Z.json,data/experiments/30_dset_20260409T112558Z/de/optimize_20260409T113311Z/de_validate_20260409T113317Z.json?display_name=de_validate_20260409T113317Z.json
data/experiments/30_dset_20260409T112558Z/de/optimize_20260409T113456Z/de_optimize_20260409T113456Z_report.md?display_name=%F0%9F%93%84,data/numbers/30_dset_20260409T112558Z/train.json?display_name=30_dset_20260409T112558Z,30,de,10007,0.9227263155626133,107.52069689199561,220,92.46060203399975,88.05401908581774,data/experiments/30_dset_20260409T112558Z/de/optimize_20260409T113456Z/de_optimize_20260409T113456Z.json?display_name=de_optimize_20260409T113456Z.json,data/experiments/30_dset_20260409T112558Z/de/optimize_20260409T113456Z/de_validate_20260409T113502Z.json?display_name=de_validate_20260409T113502Z.json
