divisor_size,run_count,median_objective,cv_objective,median_gain_pct
30,3,0.9318688510684296,0.04627972109850371,87.86985801922546
