divisor_size,run_count,median_objective,cv_objective,median_gain_pct
30,3,1.0387627517047804,0.01683679177608316,86.88310249372003
