divisor_size,run_count,median_objective,cv_objective,median_gain_pct
20,3,0.6282480965892319,0.0010305302392924465,35.02483400320357
