divisor_size,run_count,median_objective,cv_objective,median_gain_pct
20,3,0.7007282604463398,0.07000414815756449,33.31180716678468
