group_a,group_b,win_rate_a,win_rate_b
bo,de,0.2222222222222222,0.7777777777777778
bo,ga,0.4444444444444444,0.5555555555555556
bo,pso,0.5555555555555556,0.4444444444444444
bo,rs,1.0,0.0
de,ga,0.6666666666666666,0.33333333333333337
de,pso,0.6666666666666666,0.33333333333333337
de,rs,1.0,0.0
ga,pso,0.6666666666666666,0.33333333333333337
ga,rs,1.0,0.0
pso,rs,1.0,0.0
