divisor_size,run_count,median_objective,cv_objective,median_gain_pct
25,3,0.7540577975451015,0.016876124055455483,61.94867296410771
