group,run_count,median_objective,objective_ci_low,objective_ci_high,iqr_objective,cv_objective,success_share,median_runtime_sec,median_validation_gain_pct,validation_gain_ci_low,validation_gain_ci_high
25_dset_20260409T110755Z,3,0.7540577975451015,0.740253790805582,0.765647879394237,0.012697044294327497,0.016876124055455483,0.0,73.22142221604008,61.94867296410771,61.380039121626474,63.090174331016456
