divisor_size,run_count,median_objective,cv_objective,median_gain_pct
30,3,0.9067483684921172,0.035099021009004035,87.48645425114208
