divisor_size,run_count,median_objective,cv_objective,median_gain_pct
25,3,0.760391845862614,0.03798691991583248,59.50108262001671
