run_report,dataset,divisor_size,method,seed,final_objective,total_runtime_sec,evaluation_count,time_to_best_sec,validation_relative_improvement_pct,run_file,validation_file
data/experiments/25_dset_20260409T105031Z/bo/optimize_20260409T110324Z/bo_optimize_20260409T110324Z_report.md?display_name=%F0%9F%93%84,data/numbers/25_dset_20260409T105031Z/train.json?display_name=25_dset_20260409T105031Z,25,bo,20011,0.7376691557292361,14.249461922969203,38,14.24924606399145,60.9300446740953,data/experiments/25_dset_20260409T105031Z/bo/optimize_20260409T110324Z/bo_optimize_20260409T110324Z.json?display_name=bo_optimize_20260409T110324Z.json,data/experiments/25_dset_20260409T105031Z/bo/optimize_20260409T110324Z/bo_validate_20260409T110327Z.json?display_name=bo_validate_20260409T110327Z.json
data/experiments/25_dset_20260409T105031Z/bo/optimize_20260409T110342Z/bo_optimize_20260409T110342Z_report.md?display_name=%F0%9F%93%84,data/numbers/25_dset_20260409T105031Z/train.json?display_name=25_dset_20260409T105031Z,25,bo,20011,0.7953190962143708,14.524340490985196,38,10.642378151009325,55.52547873008199,data/experiments/25_dset_20260409T105031Z/bo/optimize_20260409T110342Z/bo_optimize_20260409T110342Z.json?display_name=bo_optimize_20260409T110342Z.json,data/experiments/25_dset_20260409T105031Z/bo/optimize_20260409T110342Z/bo_validate_20260409T110346Z.json?display_name=bo_validate_20260409T110346Z.json
data/experiments/25_dset_20260409T105031Z/bo/optimize_20260409T110359Z/bo_optimize_20260409T110359Z_report.md?display_name=%F0%9F%93%84,data/numbers/25_dset_20260409T105031Z/train.json?display_name=25_dset_20260409T105031Z,25,bo,20011,0.760391845862614,14.336291906016413,38,14.336066843010485,59.50108262001671,data/experiments/25_dset_20260409T105031Z/bo/optimize_20260409T110359Z/bo_optimize_20260409T110359Z.json?display_name=bo_optimize_20260409T110359Z.json,data/experiments/25_dset_20260409T105031Z/bo/optimize_20260409T110359Z/bo_validate_20260409T110403Z.json?display_name=bo_validate_20260409T110403Z.json
