group,run_count,median_objective,iqr_objective,success_share,median_runtime_sec,median_validation_gain_pct
20,45,0.6531195326242596,0.05753135412232946,0.6888888888888889,51.49920085602207,30.587413082307428
