divisor_size,run_count,median_objective,cv_objective,median_gain_pct
25,3,0.7094054248882458,0.004227048280209217,62.09388365140936
