group_a,group_b,win_rate_a,win_rate_b
bo,de,0.1111111111111111,0.8888888888888888
bo,ga,0.0,1.0
bo,pso,0.0,1.0
bo,rs,0.8888888888888888,0.11111111111111116
de,ga,0.3333333333333333,0.6666666666666667
de,pso,0.0,1.0
de,rs,1.0,0.0
ga,pso,0.0,1.0
ga,rs,1.0,0.0
pso,rs,1.0,0.0
