divisor_size,run_count,median_objective,cv_objective,median_gain_pct
20,3,0.6385921763139777,0.031786406265251005,37.27416013956203
