divisor_size,run_count,median_objective,cv_objective,median_gain_pct
25,3,0.7016646949632559,0.03156301705554528,60.375630895336904
