run_report,dataset,divisor_size,method,seed,final_objective,total_runtime_sec,evaluation_count,time_to_best_sec,validation_relative_improvement_pct,run_file,validation_file
data/experiments/25_dset_20260409T110755Z/rs/optimize_20260409T111204Z/rs_optimize_20260409T111204Z_report.md?display_name=%F0%9F%93%84,data/numbers/25_dset_20260409T110755Z/train.json?display_name=25_dset_20260409T110755Z,25,rs,30013,0.8283498204546049,29.61214480199851,60,11.218111813999712,57.1956176056117,data/experiments/25_dset_20260409T110755Z/rs/optimize_20260409T111204Z/rs_optimize_20260409T111204Z.json?display_name=rs_optimize_20260409T111204Z.json,data/experiments/25_dset_20260409T110755Z/rs/optimize_20260409T111204Z/rs_validate_20260409T111208Z.json?display_name=rs_validate_20260409T111208Z.json
data/experiments/25_dset_20260409T110755Z/rs/optimize_20260409T111236Z/rs_optimize_20260409T111236Z_report.md?display_name=%F0%9F%93%84,data/numbers/25_dset_20260409T110755Z/train.json?display_name=25_dset_20260409T110755Z,25,rs,30013,0.8162408363714349,29.86552313104039,60,22.004409015004057,60.59829747472101,data/experiments/25_dset_20260409T110755Z/rs/optimize_20260409T111236Z/rs_optimize_20260409T111236Z.json?display_name=rs_optimize_20260409T111236Z.json,data/experiments/25_dset_20260409T110755Z/rs/optimize_20260409T111236Z/rs_validate_20260409T111240Z.json?display_name=rs_validate_20260409T111240Z.json
data/experiments/25_dset_20260409T110755Z/rs/optimize_20260409T111307Z/rs_optimize_20260409T111307Z_report.md?display_name=%F0%9F%93%84,data/numbers/25_dset_20260409T110755Z/train.json?display_name=25_dset_20260409T110755Z,25,rs,30013,0.8371498994820286,29.614785765006673,60,11.292407838976942,60.007818745194186,data/experiments/25_dset_20260409T110755Z/rs/optimize_20260409T111307Z/rs_optimize_20260409T111307Z.json?display_name=rs_optimize_20260409T111307Z.json,data/experiments/25_dset_20260409T110755Z/rs/optimize_20260409T111307Z/rs_validate_20260409T111311Z.json?display_name=rs_validate_20260409T111311Z.json
