divisor_size,run_count,median_objective,cv_objective,median_gain_pct
20,3,0.7874246875289828,0.024473315287236543,24.05592155111818
