group,run_count,median_objective,iqr_objective,success_share,median_runtime_sec,median_validation_gain_pct
30_dset_20260409T112558Z,15,0.9384657842456363,0.12740752144600265,0.0,69.48421785800019,87.49352563953323
