run_report,dataset,divisor_size,method,seed,final_objective,total_runtime_sec,evaluation_count,time_to_best_sec,validation_relative_improvement_pct,run_file,validation_file
data/experiments/20_dset_20260409T101157Z/ga/optimize_20260409T102035Z/ga_optimize_20260409T102035Z_report.md?display_name=%F0%9F%93%84,data/numbers/20_dset_20260409T101157Z/train.json?display_name=20_dset_20260409T101157Z,20,ga,20011,0.6297485245449934,70.06485043698922,316,55.60230301896809,33.170544258008164,data/experiments/20_dset_20260409T101157Z/ga/optimize_20260409T102035Z/ga_optimize_20260409T102035Z.json?display_name=ga_optimize_20260409T102035Z.json,data/experiments/20_dset_20260409T101157Z/ga/optimize_20260409T102035Z/ga_validate_20260409T102039Z.json?display_name=ga_validate_20260409T102039Z.json
data/experiments/20_dset_20260409T101157Z/ga/optimize_20260409T102144Z/ga_optimize_20260409T102144Z_report.md?display_name=%F0%9F%93%84,data/numbers/20_dset_20260409T101157Z/train.json?display_name=20_dset_20260409T101157Z,20,ga,20011,0.6294896161125507,69.22105580900097,316,57.52627561998088,34.8954409418594,data/experiments/20_dset_20260409T101157Z/ga/optimize_20260409T102144Z/ga_optimize_20260409T102144Z.json?display_name=ga_optimize_20260409T102144Z.json,data/experiments/20_dset_20260409T101157Z/ga/optimize_20260409T102144Z/ga_validate_20260409T102147Z.json?display_name=ga_validate_20260409T102147Z.json
data/experiments/20_dset_20260409T101157Z/ga/optimize_20260409T102252Z/ga_optimize_20260409T102252Z_report.md?display_name=%F0%9F%93%84,data/numbers/20_dset_20260409T101157Z/train.json?display_name=20_dset_20260409T101157Z,20,ga,20011,0.6199007547780638,69.39884590503061,316,32.30549765302567,36.3654601285267,data/experiments/20_dset_20260409T101157Z/ga/optimize_20260409T102252Z/ga_optimize_20260409T102252Z.json?display_name=ga_optimize_20260409T102252Z.json,data/experiments/20_dset_20260409T101157Z/ga/optimize_20260409T102252Z/ga_validate_20260409T102255Z.json?display_name=ga_validate_20260409T102255Z.json
