run_report,dataset,divisor_size,method,seed,final_objective,total_runtime_sec,evaluation_count,time_to_best_sec,validation_relative_improvement_pct,run_file,validation_file
data/experiments/25_dset_20260409T110755Z/bo/optimize_20260409T112131Z/bo_optimize_20260409T112131Z_report.md?display_name=%F0%9F%93%84,data/numbers/25_dset_20260409T110755Z/train.json?display_name=25_dset_20260409T110755Z,25,bo,30013,0.7521382744598668,13.126031068037264,38,10.556286757986527,61.92343374523167,data/experiments/25_dset_20260409T110755Z/bo/optimize_20260409T112131Z/bo_optimize_20260409T112131Z.json?display_name=bo_optimize_20260409T112131Z.json,data/experiments/25_dset_20260409T110755Z/bo/optimize_20260409T112131Z/bo_validate_20260409T112134Z.json?display_name=bo_validate_20260409T112134Z.json
data/experiments/25_dset_20260409T110755Z/bo/optimize_20260409T112146Z/bo_optimize_20260409T112146Z_report.md?display_name=%F0%9F%93%84,data/numbers/25_dset_20260409T110755Z/train.json?display_name=25_dset_20260409T110755Z,25,bo,30013,0.7523034479818307,13.324088905006647,38,13.323867754021194,63.781695040294096,data/experiments/25_dset_20260409T110755Z/bo/optimize_20260409T112146Z/bo_optimize_20260409T112146Z.json?display_name=bo_optimize_20260409T112146Z.json,data/experiments/25_dset_20260409T110755Z/bo/optimize_20260409T112146Z/bo_validate_20260409T112150Z.json?display_name=bo_validate_20260409T112150Z.json
data/experiments/25_dset_20260409T110755Z/bo/optimize_20260409T112204Z/bo_optimize_20260409T112204Z_report.md?display_name=%F0%9F%93%84,data/numbers/25_dset_20260409T110755Z/train.json?display_name=25_dset_20260409T110755Z,25,bo,30013,0.7360378101002425,13.077599851996638,38,10.483095474017318,64.03571794307035,data/experiments/25_dset_20260409T110755Z/bo/optimize_20260409T112204Z/bo_optimize_20260409T112204Z.json?display_name=bo_optimize_20260409T112204Z.json,data/experiments/25_dset_20260409T110755Z/bo/optimize_20260409T112204Z/bo_validate_20260409T112207Z.json?display_name=bo_validate_20260409T112207Z.json
