divisor_size,run_count,median_objective,cv_objective,median_gain_pct
20,3,0.5919162365025841,0.0500256205771531,38.75319442179918
