run_report,dataset,divisor_size,method,seed,final_objective,total_runtime_sec,evaluation_count,time_to_best_sec,validation_relative_improvement_pct,run_file,validation_file
data/experiments/20_dset_20260409T102256Z/pso/optimize_20260409T102752Z/pso_optimize_20260409T102752Z_report.md?display_name=%F0%9F%93%84,data/numbers/20_dset_20260409T102256Z/train.json?display_name=20_dset_20260409T102256Z,20,pso,30013,0.6237591133976821,51.49920085602207,234,23.026786221016664,31.077794962002848,data/experiments/20_dset_20260409T102256Z/pso/optimize_20260409T102752Z/pso_optimize_20260409T102752Z.json?display_name=pso_optimize_20260409T102752Z.json,data/experiments/20_dset_20260409T102256Z/pso/optimize_20260409T102752Z/pso_validate_20260409T102755Z.json?display_name=pso_validate_20260409T102755Z.json
data/experiments/20_dset_20260409T102256Z/pso/optimize_20260409T103009Z/pso_optimize_20260409T103009Z_report.md?display_name=%F0%9F%93%84,data/numbers/20_dset_20260409T102256Z/train.json?display_name=20_dset_20260409T102256Z,20,pso,30013,0.5644450393156148,52.722041922970675,234,43.77194300998235,39.084777877994924,data/experiments/20_dset_20260409T102256Z/pso/optimize_20260409T103009Z/pso_optimize_20260409T103009Z.json?display_name=pso_optimize_20260409T103009Z.json,data/experiments/20_dset_20260409T102256Z/pso/optimize_20260409T103009Z/pso_validate_20260409T103012Z.json?display_name=pso_validate_20260409T103012Z.json
data/experiments/20_dset_20260409T102256Z/pso/optimize_20260409T103100Z/pso_optimize_20260409T103100Z_report.md?display_name=%F0%9F%93%84,data/numbers/20_dset_20260409T102256Z/train.json?display_name=20_dset_20260409T102256Z,20,pso,30013,0.5919162365025841,50.65992201899644,234,43.52179086499382,38.75319442179918,data/experiments/20_dset_20260409T102256Z/pso/optimize_20260409T103100Z/pso_optimize_20260409T103100Z.json?display_name=pso_optimize_20260409T103100Z.json,data/experiments/20_dset_20260409T102256Z/pso/optimize_20260409T103100Z/pso_validate_20260409T103103Z.json?display_name=pso_validate_20260409T103103Z.json
