run_report,dataset,divisor_size,method,seed,final_objective,total_runtime_sec,evaluation_count,time_to_best_sec,validation_relative_improvement_pct,run_file,validation_file
data/experiments/20_dset_20260409T102256Z/de/optimize_20260409T102346Z/de_optimize_20260409T102346Z_report.md?display_name=%F0%9F%93%84,data/numbers/20_dset_20260409T102256Z/train.json?display_name=20_dset_20260409T102256Z,20,de,30013,0.6385921763139777,54.29922994598746,220,48.51820204698015,42.99822700333918,data/experiments/20_dset_20260409T102256Z/de/optimize_20260409T102346Z/de_optimize_20260409T102346Z.json?display_name=de_optimize_20260409T102346Z.json,data/experiments/20_dset_20260409T102256Z/de/optimize_20260409T102346Z/de_validate_20260409T102349Z.json?display_name=de_validate_20260409T102349Z.json
data/experiments/20_dset_20260409T102256Z/de/optimize_20260409T102442Z/de_optimize_20260409T102442Z_report.md?display_name=%F0%9F%93%84,data/numbers/20_dset_20260409T102256Z/train.json?display_name=20_dset_20260409T102256Z,20,de,30013,0.6283697384933475,57.4899967770325,220,50.451425401028246,37.27416013956203,data/experiments/20_dset_20260409T102256Z/de/optimize_20260409T102442Z/de_optimize_20260409T102442Z.json?display_name=de_optimize_20260409T102442Z.json,data/experiments/20_dset_20260409T102256Z/de/optimize_20260409T102442Z/de_validate_20260409T102445Z.json?display_name=de_validate_20260409T102445Z.json
data/experiments/20_dset_20260409T102256Z/de/optimize_20260409T102544Z/de_optimize_20260409T102544Z_report.md?display_name=%F0%9F%93%84,data/numbers/20_dset_20260409T102256Z/train.json?display_name=20_dset_20260409T102256Z,20,de,30013,0.6678674146241974,62.04246106900973,220,23.51221717899898,33.07668775735717,data/experiments/20_dset_20260409T102256Z/de/optimize_20260409T102544Z/de_optimize_20260409T102544Z.json?display_name=de_optimize_20260409T102544Z.json,data/experiments/20_dset_20260409T102256Z/de/optimize_20260409T102544Z/de_validate_20260409T102547Z.json?display_name=de_validate_20260409T102547Z.json
