group_a,group_b,win_rate_a,win_rate_b
bo,de,0.0,1.0
bo,ga,0.0,1.0
bo,pso,0.0,1.0
bo,rs,0.4444444444444444,0.5555555555555556
de,ga,0.8888888888888888,0.11111111111111116
de,pso,0.2222222222222222,0.7777777777777778
de,rs,1.0,0.0
ga,pso,0.0,1.0
ga,rs,1.0,0.0
pso,rs,1.0,0.0
