run_report,dataset,divisor_size,method,seed,final_objective,total_runtime_sec,evaluation_count,time_to_best_sec,validation_relative_improvement_pct,run_file,validation_file
data/experiments/30_dset_20260409T121414Z/de/optimize_20260409T121550Z/de_optimize_20260409T121550Z_report.md?display_name=%F0%9F%93%84,data/numbers/30_dset_20260409T121414Z/train.json?display_name=30_dset_20260409T121414Z,30,de,30013,0.9169362349493895,103.1541426529875,220,58.43218286696356,88.32183955411766,data/experiments/30_dset_20260409T121414Z/de/optimize_20260409T121550Z/de_optimize_20260409T121550Z.json?display_name=de_optimize_20260409T121550Z.json,data/experiments/30_dset_20260409T121414Z/de/optimize_20260409T121550Z/de_validate_20260409T121556Z.json?display_name=de_validate_20260409T121556Z.json
data/experiments/30_dset_20260409T121414Z/de/optimize_20260409T122255Z/de_optimize_20260409T122255Z_report.md?display_name=%F0%9F%93%84,data/numbers/30_dset_20260409T121414Z/train.json?display_name=30_dset_20260409T121414Z,30,de,30013,0.8674723454751074,118.02392821200192,220,110.80943647102686,87.25339225500824,data/experiments/30_dset_20260409T121414Z/de/optimize_20260409T122255Z/de_optimize_20260409T122255Z.json?display_name=de_optimize_20260409T122255Z.json,data/experiments/30_dset_20260409T121414Z/de/optimize_20260409T122255Z/de_validate_20260409T122301Z.json?display_name=de_validate_20260409T122301Z.json
data/experiments/30_dset_20260409T121414Z/de/optimize_20260409T122431Z/de_optimize_20260409T122431Z_report.md?display_name=%F0%9F%93%84,data/numbers/30_dset_20260409T121414Z/train.json?display_name=30_dset_20260409T121414Z,30,de,30013,0.9230221975885797,95.77325349999592,220,89.95482541399542,88.20857697379299,data/experiments/30_dset_20260409T121414Z/de/optimize_20260409T122431Z/de_optimize_20260409T122431Z.json?display_name=de_optimize_20260409T122431Z.json,data/experiments/30_dset_20260409T121414Z/de/optimize_20260409T122431Z/de_validate_20260409T122437Z.json?display_name=de_validate_20260409T122437Z.json
