divisor_size,run_count,median_objective,cv_objective,median_gain_pct
30,3,0.9169362349493895,0.03375953262700631,88.20857697379299
