divisor_size,run_count,median_objective,cv_objective,median_gain_pct
20,3,0.6495790912304074,0.027560163238605183,31.139400782063248
