run_report,dataset,divisor_size,method,seed,final_objective,total_runtime_sec,evaluation_count,time_to_best_sec,validation_relative_improvement_pct,run_file,validation_file
data/experiments/25_dset_20260409T103515Z/de/optimize_20260409T103619Z/de_optimize_20260409T103619Z_report.md?display_name=%F0%9F%93%84,data/numbers/25_dset_20260409T103515Z/train.json?display_name=25_dset_20260409T103515Z,25,de,10007,0.7387306482123677,69.76686706399778,220,60.042605548980646,60.55421043220098,data/experiments/25_dset_20260409T103515Z/de/optimize_20260409T103619Z/de_optimize_20260409T103619Z.json?display_name=de_optimize_20260409T103619Z.json,data/experiments/25_dset_20260409T103515Z/de/optimize_20260409T103619Z/de_validate_20260409T103623Z.json?display_name=de_validate_20260409T103623Z.json
data/experiments/25_dset_20260409T103515Z/de/optimize_20260409T103910Z/de_optimize_20260409T103910Z_report.md?display_name=%F0%9F%93%84,data/numbers/25_dset_20260409T103515Z/train.json?display_name=25_dset_20260409T103515Z,25,de,10007,0.711358899337938,81.26732996903593,220,70.72371723101242,57.03755204447104,data/experiments/25_dset_20260409T103515Z/de/optimize_20260409T103910Z/de_optimize_20260409T103910Z.json?display_name=de_optimize_20260409T103910Z.json,data/experiments/25_dset_20260409T103515Z/de/optimize_20260409T103910Z/de_validate_20260409T103914Z.json?display_name=de_validate_20260409T103914Z.json
data/experiments/25_dset_20260409T103515Z/de/optimize_20260409T104021Z/de_optimize_20260409T104021Z_report.md?display_name=%F0%9F%93%84,data/numbers/25_dset_20260409T103515Z/train.json?display_name=25_dset_20260409T103515Z,25,de,10007,0.7108380750287324,71.63438404595945,220,53.350758701970335,63.07933466703675,data/experiments/25_dset_20260409T103515Z/de/optimize_20260409T104021Z/de_optimize_20260409T104021Z.json?display_name=de_optimize_20260409T104021Z.json,data/experiments/25_dset_20260409T103515Z/de/optimize_20260409T104021Z/de_validate_20260409T104024Z.json?display_name=de_validate_20260409T104024Z.json
