group,run_count,median_objective,iqr_objective,success_share,median_runtime_sec,median_validation_gain_pct
20011,3,0.7016646949632559,0.021981755198794417,0.3333333333333333,68.7338314409717,60.375630895336904
