divisor_size,run_count,median_objective,cv_objective,median_gain_pct
25,3,0.730059065768728,0.011501918984127439,61.66760623851688
