divisor_size,run_count,median_objective,cv_objective,median_gain_pct
30,3,0.9160098214342725,0.0082378811744857,88.42499745905891
