run_report,dataset,divisor_size,method,seed,final_objective,total_runtime_sec,evaluation_count,time_to_best_sec,validation_relative_improvement_pct,run_file,validation_file
data/experiments/25_dset_20260409T110755Z/pso/optimize_20260409T111406Z/pso_optimize_20260409T111406Z_report.md?display_name=%F0%9F%93%84,data/numbers/25_dset_20260409T110755Z/train.json?display_name=25_dset_20260409T110755Z,25,pso,30013,0.7290352447598707,58.72408286400605,234,40.45940873399377,64.64952641085445,data/experiments/25_dset_20260409T110755Z/pso/optimize_20260409T111406Z/pso_optimize_20260409T111406Z.json?display_name=pso_optimize_20260409T111406Z.json,data/experiments/25_dset_20260409T110755Z/pso/optimize_20260409T111406Z/pso_validate_20260409T111409Z.json?display_name=pso_validate_20260409T111409Z.json
data/experiments/25_dset_20260409T110755Z/pso/optimize_20260409T111503Z/pso_optimize_20260409T111503Z_report.md?display_name=%F0%9F%93%84,data/numbers/25_dset_20260409T110755Z/train.json?display_name=25_dset_20260409T110755Z,25,pso,30013,0.7180269492964726,58.615420911984984,234,33.04886327800341,64.21194985454657,data/experiments/25_dset_20260409T110755Z/pso/optimize_20260409T111503Z/pso_optimize_20260409T111503Z.json?display_name=pso_optimize_20260409T111503Z.json,data/experiments/25_dset_20260409T110755Z/pso/optimize_20260409T111503Z/pso_validate_20260409T111507Z.json?display_name=pso_validate_20260409T111507Z.json
data/experiments/25_dset_20260409T110755Z/pso/optimize_20260409T112116Z/pso_optimize_20260409T112116Z_report.md?display_name=%F0%9F%93%84,data/numbers/25_dset_20260409T110755Z/train.json?display_name=25_dset_20260409T110755Z,25,pso,30013,0.7173383377084974,78.57585927698528,234,47.864005584968254,62.13460766233065,data/experiments/25_dset_20260409T110755Z/pso/optimize_20260409T112116Z/pso_optimize_20260409T112116Z.json?display_name=pso_optimize_20260409T112116Z.json,data/experiments/25_dset_20260409T110755Z/pso/optimize_20260409T112116Z/pso_validate_20260409T112117Z.json?display_name=pso_validate_20260409T112117Z.json
