divisor_size,run_count,median_objective,cv_objective,median_gain_pct
30,3,0.9119817171304021,0.06782335538153711,87.68999983721662
