divisor_size,run_count,median_objective,cv_objective,median_gain_pct
30,3,1.2583986430545337,0.011263006266814512,84.1833297140996
