divisor_size,run_count,median_objective,cv_objective,median_gain_pct
25,3,0.8283498204546049,0.012690380903027133,60.007818745194186
