run_report,dataset,divisor_size,method,seed,final_objective,total_runtime_sec,evaluation_count,time_to_best_sec,validation_relative_improvement_pct,run_file,validation_file
data/experiments/30_dset_20260409T112558Z/ga/optimize_20260409T115312Z/ga_optimize_20260409T115312Z_report.md?display_name=%F0%9F%93%84,data/numbers/30_dset_20260409T112558Z/train.json?display_name=30_dset_20260409T112558Z,30,ga,10007,0.9037044369906653,114.64894800801994,316,84.63407876202837,87.18337054572447,data/experiments/30_dset_20260409T112558Z/ga/optimize_20260409T115312Z/ga_optimize_20260409T115312Z.json?display_name=ga_optimize_20260409T115312Z.json,data/experiments/30_dset_20260409T112558Z/ga/optimize_20260409T115312Z/ga_validate_20260409T115318Z.json?display_name=ga_validate_20260409T115318Z.json
data/experiments/30_dset_20260409T112558Z/ga/optimize_20260409T115450Z/ga_optimize_20260409T115450Z_report.md?display_name=%F0%9F%93%84,data/numbers/30_dset_20260409T112558Z/train.json?display_name=30_dset_20260409T112558Z,30,ga,10007,0.9509571833186783,98.55261734500527,316,86.96982845501043,87.97863558670312,data/experiments/30_dset_20260409T112558Z/ga/optimize_20260409T115450Z/ga_optimize_20260409T115450Z.json?display_name=ga_optimize_20260409T115450Z.json,data/experiments/30_dset_20260409T112558Z/ga/optimize_20260409T115450Z/ga_validate_20260409T115456Z.json?display_name=ga_validate_20260409T115456Z.json
data/experiments/30_dset_20260409T112558Z/ga/optimize_20260409T115644Z/ga_optimize_20260409T115644Z_report.md?display_name=%F0%9F%93%84,data/numbers/30_dset_20260409T112558Z/train.json?display_name=30_dset_20260409T112558Z,30,ga,10007,0.968947480985662,117.11673453904223,316,102.45850806799717,88.15468143382154,data/experiments/30_dset_20260409T112558Z/ga/optimize_20260409T115644Z/ga_optimize_20260409T115644Z.json?display_name=ga_optimize_20260409T115644Z.json,data/experiments/30_dset_20260409T112558Z/ga/optimize_20260409T115644Z/ga_validate_20260409T115650Z.json?display_name=ga_validate_20260409T115650Z.json
