run_report,dataset,divisor_size,method,seed,final_objective,total_runtime_sec,evaluation_count,time_to_best_sec,validation_relative_improvement_pct,run_file,validation_file
data/experiments/30_dset_20260409T112558Z/bo/optimize_20260409T114440Z/bo_optimize_20260409T114440Z_report.md?display_name=%F0%9F%93%84,data/numbers/30_dset_20260409T112558Z/train.json?display_name=30_dset_20260409T112558Z,30,bo,10007,0.9384657842456363,20.49264483101433,38,20.492438887013122,88.42803623673115,data/experiments/30_dset_20260409T112558Z/bo/optimize_20260409T114440Z/bo_optimize_20260409T114440Z.json?display_name=bo_optimize_20260409T114440Z.json,data/experiments/30_dset_20260409T112558Z/bo/optimize_20260409T114440Z/bo_validate_20260409T114446Z.json?display_name=bo_validate_20260409T114446Z.json
data/experiments/30_dset_20260409T112558Z/bo/optimize_20260409T114507Z/bo_optimize_20260409T114507Z_report.md?display_name=%F0%9F%93%84,data/numbers/30_dset_20260409T112558Z/train.json?display_name=30_dset_20260409T112558Z,30,bo,10007,1.0966765029006638,20.893764698004816,38,19.348116210021544,86.34743762937845,data/experiments/30_dset_20260409T112558Z/bo/optimize_20260409T114507Z/bo_optimize_20260409T114507Z.json?display_name=bo_optimize_20260409T114507Z.json,data/experiments/30_dset_20260409T112558Z/bo/optimize_20260409T114507Z/bo_validate_20260409T114511Z.json?display_name=bo_validate_20260409T114511Z.json
data/experiments/30_dset_20260409T112558Z/bo/optimize_20260409T114532Z/bo_optimize_20260409T114532Z_report.md?display_name=%F0%9F%93%84,data/numbers/30_dset_20260409T112558Z/train.json?display_name=30_dset_20260409T112558Z,30,bo,10007,0.9604992592649069,20.827719031018205,38,19.90446090704063,89.06064449160932,data/experiments/30_dset_20260409T112558Z/bo/optimize_20260409T114532Z/bo_optimize_20260409T114532Z.json?display_name=bo_optimize_20260409T114532Z.json,data/experiments/30_dset_20260409T112558Z/bo/optimize_20260409T114532Z/bo_validate_20260409T114539Z.json?display_name=bo_validate_20260409T114539Z.json
