divisor_size,run_count,median_objective,cv_objective,median_gain_pct
30,3,0.9720955167140346,0.033201712106953864,87.18547983709618
