divisor_size,run_count,median_objective,cv_objective,median_gain_pct
20,3,0.6531195326242596,0.033374793183918935,25.087010099272174
