run_report,dataset,divisor_size,method,seed,final_objective,total_runtime_sec,evaluation_count,time_to_best_sec,validation_relative_improvement_pct,run_file,validation_file
data/experiments/20_dset_20260409T100023Z/de/optimize_20260409T100122Z/de_optimize_20260409T100122Z_report.md?display_name=%F0%9F%93%84,data/numbers/20_dset_20260409T100023Z/train.json?display_name=20_dset_20260409T100023Z,20,de,10007,0.6459156122291461,62.615560965030454,220,36.540428006032016,30.09918728142818,data/experiments/20_dset_20260409T100023Z/de/optimize_20260409T100122Z/de_optimize_20260409T100122Z.json?display_name=de_optimize_20260409T100122Z.json,data/experiments/20_dset_20260409T100023Z/de/optimize_20260409T100122Z/de_validate_20260409T100125Z.json?display_name=de_validate_20260409T100125Z.json
data/experiments/20_dset_20260409T100023Z/de/optimize_20260409T100225Z/de_optimize_20260409T100225Z_report.md?display_name=%F0%9F%93%84,data/numbers/20_dset_20260409T100023Z/train.json?display_name=20_dset_20260409T100023Z,20,de,10007,0.6531195326242596,64.00330707494868,220,61.888803159992676,25.087010099272174,data/experiments/20_dset_20260409T100023Z/de/optimize_20260409T100225Z/de_optimize_20260409T100225Z.json?display_name=de_optimize_20260409T100225Z.json,data/experiments/20_dset_20260409T100023Z/de/optimize_20260409T100225Z/de_validate_20260409T100228Z.json?display_name=de_validate_20260409T100228Z.json
data/experiments/20_dset_20260409T100023Z/de/optimize_20260409T100324Z/de_optimize_20260409T100324Z_report.md?display_name=%F0%9F%93%84,data/numbers/20_dset_20260409T100023Z/train.json?display_name=20_dset_20260409T100023Z,20,de,10007,0.6872798786673229,60.31693859002553,220,22.43603133398574,24.08453653285545,data/experiments/20_dset_20260409T100023Z/de/optimize_20260409T100324Z/de_optimize_20260409T100324Z.json?display_name=de_optimize_20260409T100324Z.json,data/experiments/20_dset_20260409T100023Z/de/optimize_20260409T100324Z/de_validate_20260409T100328Z.json?display_name=de_validate_20260409T100328Z.json
