group_a,group_b,win_rate_a,win_rate_b
bo,de,0.2222222222222222,0.7777777777777778
bo,ga,0.0,1.0
bo,pso,0.0,1.0
bo,rs,1.0,0.0
de,ga,0.3333333333333333,0.6666666666666667
de,pso,0.3333333333333333,0.6666666666666667
de,rs,1.0,0.0
ga,pso,0.3333333333333333,0.6666666666666667
ga,rs,1.0,0.0
pso,rs,1.0,0.0
