divisor_size,run_count,median_objective,cv_objective,median_gain_pct
30,3,0.8559884256392252,0.0491973105957493,88.4803283227962
