run_report,dataset,divisor_size,method,seed,final_objective,total_runtime_sec,evaluation_count,time_to_best_sec,validation_relative_improvement_pct,run_file,validation_file
data/experiments/30_dset_20260409T115651Z/bo/optimize_20260409T120806Z/bo_optimize_20260409T120806Z_report.md?display_name=%F0%9F%93%84,data/numbers/30_dset_20260409T115651Z/train.json?display_name=30_dset_20260409T115651Z,30,bo,20011,0.9318688510684296,20.53580226597842,38,19.933727352996357,88.42584773973599,data/experiments/30_dset_20260409T115651Z/bo/optimize_20260409T120806Z/bo_optimize_20260409T120806Z.json?display_name=bo_optimize_20260409T120806Z.json,data/experiments/30_dset_20260409T115651Z/bo/optimize_20260409T120806Z/bo_validate_20260409T120812Z.json?display_name=bo_validate_20260409T120812Z.json
data/experiments/30_dset_20260409T115651Z/bo/optimize_20260409T120831Z/bo_optimize_20260409T120831Z_report.md?display_name=%F0%9F%93%84,data/numbers/30_dset_20260409T115651Z/train.json?display_name=30_dset_20260409T115651Z,30,bo,20011,0.9957465452316683,20.310900260985363,38,18.039975754974876,87.86985801922546,data/experiments/30_dset_20260409T115651Z/bo/optimize_20260409T120831Z/bo_optimize_20260409T120831Z.json?display_name=bo_optimize_20260409T120831Z.json,data/experiments/30_dset_20260409T115651Z/bo/optimize_20260409T120831Z/bo_validate_20260409T120837Z.json?display_name=bo_validate_20260409T120837Z.json
data/experiments/30_dset_20260409T115651Z/bo/optimize_20260409T120855Z/bo_optimize_20260409T120855Z_report.md?display_name=%F0%9F%93%84,data/numbers/30_dset_20260409T115651Z/train.json?display_name=30_dset_20260409T115651Z,30,bo,20011,0.9118843300384469,20.009653934976086,38,18.844283678976353,87.70440910273851,data/experiments/30_dset_20260409T115651Z/bo/optimize_20260409T120855Z/bo_optimize_20260409T120855Z.json?display_name=bo_optimize_20260409T120855Z.json,data/experiments/30_dset_20260409T115651Z/bo/optimize_20260409T120855Z/bo_validate_20260409T120902Z.json?display_name=bo_validate_20260409T120902Z.json
