run_report,dataset,divisor_size,method,seed,final_objective,total_runtime_sec,evaluation_count,time_to_best_sec,validation_relative_improvement_pct,run_file,validation_file
data/experiments/20_dset_20260409T102256Z/bo/optimize_20260409T103115Z/bo_optimize_20260409T103115Z_report.md?display_name=%F0%9F%93%84,data/numbers/20_dset_20260409T102256Z/train.json?display_name=20_dset_20260409T102256Z,20,bo,30013,0.6778200649423525,11.283276246977039,38,11.283066753007006,32.1979055568136,data/experiments/20_dset_20260409T102256Z/bo/optimize_20260409T103115Z/bo_optimize_20260409T103115Z.json?display_name=bo_optimize_20260409T103115Z.json,data/experiments/20_dset_20260409T102256Z/bo/optimize_20260409T103115Z/bo_validate_20260409T103119Z.json?display_name=bo_validate_20260409T103119Z.json
data/experiments/20_dset_20260409T102256Z/bo/optimize_20260409T103128Z/bo_optimize_20260409T103128Z_report.md?display_name=%F0%9F%93%84,data/numbers/20_dset_20260409T102256Z/train.json?display_name=20_dset_20260409T102256Z,20,bo,30013,0.6867381577612832,11.050793747999705,38,9.088678650034126,35.34004208648091,data/experiments/20_dset_20260409T102256Z/bo/optimize_20260409T103128Z/bo_optimize_20260409T103128Z.json?display_name=bo_optimize_20260409T103128Z.json,data/experiments/20_dset_20260409T102256Z/bo/optimize_20260409T103128Z/bo_validate_20260409T103131Z.json?display_name=bo_validate_20260409T103131Z.json
data/experiments/20_dset_20260409T102256Z/bo/optimize_20260409T103143Z/bo_optimize_20260409T103143Z_report.md?display_name=%F0%9F%93%84,data/numbers/20_dset_20260409T102256Z/train.json?display_name=20_dset_20260409T102256Z,20,bo,30013,0.638837195263477,11.27551411400782,38,10.326367518980987,25.095452538783093,data/experiments/20_dset_20260409T102256Z/bo/optimize_20260409T103143Z/bo_optimize_20260409T103143Z.json?display_name=bo_optimize_20260409T103143Z.json,data/experiments/20_dset_20260409T102256Z/bo/optimize_20260409T103143Z/bo_validate_20260409T103147Z.json?display_name=bo_validate_20260409T103147Z.json
