run_report,dataset,divisor_size,method,seed,final_objective,total_runtime_sec,evaluation_count,time_to_best_sec,validation_relative_improvement_pct,run_file,validation_file
data/experiments/30_dset_20260409T112558Z/pso/optimize_20260409T114154Z/pso_optimize_20260409T114154Z_report.md?display_name=%F0%9F%93%84,data/numbers/30_dset_20260409T112558Z/train.json?display_name=30_dset_20260409T112558Z,30,pso,10007,0.8243209120410029,71.37873399595264,234,1.724126709974371,87.42159976253309,data/experiments/30_dset_20260409T112558Z/pso/optimize_20260409T114154Z/pso_optimize_20260409T114154Z.json?display_name=pso_optimize_20260409T114154Z.json,data/experiments/30_dset_20260409T112558Z/pso/optimize_20260409T114154Z/pso_validate_20260409T114200Z.json?display_name=pso_validate_20260409T114200Z.json
data/experiments/30_dset_20260409T112558Z/pso/optimize_20260409T114306Z/pso_optimize_20260409T114306Z_report.md?display_name=%F0%9F%93%84,data/numbers/30_dset_20260409T112558Z/train.json?display_name=30_dset_20260409T112558Z,30,pso,10007,0.7963599655195139,67.02698351599975,234,59.778743396978825,87.5408168704549,data/experiments/30_dset_20260409T112558Z/pso/optimize_20260409T114306Z/pso_optimize_20260409T114306Z.json?display_name=pso_optimize_20260409T114306Z.json,data/experiments/30_dset_20260409T112558Z/pso/optimize_20260409T114306Z/pso_validate_20260409T114309Z.json?display_name=pso_validate_20260409T114309Z.json
data/experiments/30_dset_20260409T112558Z/pso/optimize_20260409T114415Z/pso_optimize_20260409T114415Z_report.md?display_name=%F0%9F%93%84,data/numbers/30_dset_20260409T112558Z/train.json?display_name=30_dset_20260409T112558Z,30,pso,10007,0.8597821819130331,69.48421785800019,234,1.7858291119919159,87.49352563953323,data/experiments/30_dset_20260409T112558Z/pso/optimize_20260409T114415Z/pso_optimize_20260409T114415Z.json?display_name=pso_optimize_20260409T114415Z.json,data/experiments/30_dset_20260409T112558Z/pso/optimize_20260409T114415Z/pso_validate_20260409T114421Z.json?display_name=pso_validate_20260409T114421Z.json
