run_report,dataset,divisor_size,method,seed,final_objective,total_runtime_sec,evaluation_count,time_to_best_sec,validation_relative_improvement_pct,run_file,validation_file
data/experiments/25_dset_20260409T110755Z/ga/optimize_20260409T112321Z/ga_optimize_20260409T112321Z_report.md?display_name=%F0%9F%93%84,data/numbers/25_dset_20260409T110755Z/train.json?display_name=25_dset_20260409T110755Z,25,ga,30013,0.7441745641990565,80.61604226601776,316,56.810339830000885,61.66760623851688,data/experiments/25_dset_20260409T110755Z/ga/optimize_20260409T112321Z/ga_optimize_20260409T112321Z.json?display_name=ga_optimize_20260409T112321Z.json,data/experiments/25_dset_20260409T110755Z/ga/optimize_20260409T112321Z/ga_validate_20260409T112325Z.json?display_name=ga_validate_20260409T112325Z.json
data/experiments/25_dset_20260409T110755Z/ga/optimize_20260409T112439Z/ga_optimize_20260409T112439Z_report.md?display_name=%F0%9F%93%84,data/numbers/25_dset_20260409T110755Z/train.json?display_name=25_dset_20260409T110755Z,25,ga,30013,0.729076797288144,78.05559737602016,316,73.14526752004167,61.990512688027685,data/experiments/25_dset_20260409T110755Z/ga/optimize_20260409T112439Z/ga_optimize_20260409T112439Z.json?display_name=ga_optimize_20260409T112439Z.json,data/experiments/25_dset_20260409T110755Z/ga/optimize_20260409T112439Z/ga_validate_20260409T112442Z.json?display_name=ga_validate_20260409T112442Z.json
data/experiments/25_dset_20260409T110755Z/ga/optimize_20260409T112554Z/ga_optimize_20260409T112554Z_report.md?display_name=%F0%9F%93%84,data/numbers/25_dset_20260409T110755Z/train.json?display_name=25_dset_20260409T110755Z,25,ga,30013,0.730059065768728,78.57766619703034,316,73.41508091898868,60.13724810796855,data/experiments/25_dset_20260409T110755Z/ga/optimize_20260409T112554Z/ga_optimize_20260409T112554Z.json?display_name=ga_optimize_20260409T112554Z.json,data/experiments/25_dset_20260409T110755Z/ga/optimize_20260409T112554Z/ga_validate_20260409T112558Z.json?display_name=ga_validate_20260409T112558Z.json
