divisor_size,run_count,median_objective,cv_objective,median_gain_pct
30,3,0.9604992592649069,0.08581826733975581,88.42803623673115
