run_report,dataset,divisor_size,method,seed,final_objective,total_runtime_sec,evaluation_count,time_to_best_sec,validation_relative_improvement_pct,run_file,validation_file
data/experiments/20_dset_20260409T100023Z/ga/optimize_20260409T100930Z/ga_optimize_20260409T100930Z_report.md?display_name=%F0%9F%93%84,data/numbers/20_dset_20260409T100023Z/train.json?display_name=20_dset_20260409T100023Z,20,ga,10007,0.6613662160234526,72.16531355900224,316,63.25422172999242,28.599911241704472,data/experiments/20_dset_20260409T100023Z/ga/optimize_20260409T100930Z/ga_optimize_20260409T100930Z.json?display_name=ga_optimize_20260409T100930Z.json,data/experiments/20_dset_20260409T100023Z/ga/optimize_20260409T100930Z/ga_validate_20260409T100933Z.json?display_name=ga_validate_20260409T100933Z.json
data/experiments/20_dset_20260409T100023Z/ga/optimize_20260409T101042Z/ga_optimize_20260409T101042Z_report.md?display_name=%F0%9F%93%84,data/numbers/20_dset_20260409T100023Z/train.json?display_name=20_dset_20260409T100023Z,20,ga,10007,0.6565934004320297,75.67847254802473,316,75.46961691603065,28.24103555723811,data/experiments/20_dset_20260409T100023Z/ga/optimize_20260409T101042Z/ga_optimize_20260409T101042Z.json?display_name=ga_optimize_20260409T101042Z.json,data/experiments/20_dset_20260409T100023Z/ga/optimize_20260409T101042Z/ga_validate_20260409T101045Z.json?display_name=ga_validate_20260409T101045Z.json
data/experiments/20_dset_20260409T100023Z/ga/optimize_20260409T101153Z/ga_optimize_20260409T101153Z_report.md?display_name=%F0%9F%93%84,data/numbers/20_dset_20260409T100023Z/train.json?display_name=20_dset_20260409T100023Z,20,ga,10007,0.67561375653313,71.63746657804586,316,33.56995343702147,28.138518136403306,data/experiments/20_dset_20260409T100023Z/ga/optimize_20260409T101153Z/ga_optimize_20260409T101153Z.json?display_name=ga_optimize_20260409T101153Z.json,data/experiments/20_dset_20260409T100023Z/ga/optimize_20260409T101153Z/ga_validate_20260409T101156Z.json?display_name=ga_validate_20260409T101156Z.json
