group,run_count,median_objective,iqr_objective,success_share,median_runtime_sec,median_validation_gain_pct
de,3,0.6531195326242596,0.020682133219088406,0.6666666666666666,62.615560965030454,25.087010099272174
