divisor_size,run_count,median_objective,cv_objective,median_gain_pct
25,3,0.7521382744598668,0.012511143855314684,63.781695040294096
