run_report,dataset,divisor_size,method,seed,final_objective,total_runtime_sec,evaluation_count,time_to_best_sec,validation_relative_improvement_pct,run_file,validation_file
data/experiments/20_dset_20260409T102256Z/rs/optimize_20260409T102610Z/rs_optimize_20260409T102610Z_report.md?display_name=%F0%9F%93%84,data/numbers/20_dset_20260409T102256Z/train.json?display_name=20_dset_20260409T102256Z,20,rs,30013,0.7603937604581006,24.340950671990868,60,17.93410541699268,24.281145083942583,data/experiments/20_dset_20260409T102256Z/rs/optimize_20260409T102610Z/rs_optimize_20260409T102610Z.json?display_name=rs_optimize_20260409T102610Z.json,data/experiments/20_dset_20260409T102256Z/rs/optimize_20260409T102610Z/rs_validate_20260409T102613Z.json?display_name=rs_validate_20260409T102613Z.json
data/experiments/20_dset_20260409T102256Z/rs/optimize_20260409T102634Z/rs_optimize_20260409T102634Z_report.md?display_name=%F0%9F%93%84,data/numbers/20_dset_20260409T102256Z/train.json?display_name=20_dset_20260409T102256Z,20,rs,30013,0.6891930189740378,22.605605706979986,60,16.707614266022574,26.101982135962665,data/experiments/20_dset_20260409T102256Z/rs/optimize_20260409T102634Z/rs_optimize_20260409T102634Z.json?display_name=rs_optimize_20260409T102634Z.json,data/experiments/20_dset_20260409T102256Z/rs/optimize_20260409T102634Z/rs_validate_20260409T102637Z.json?display_name=rs_validate_20260409T102637Z.json
data/experiments/20_dset_20260409T102256Z/rs/optimize_20260409T102700Z/rs_optimize_20260409T102700Z_report.md?display_name=%F0%9F%93%84,data/numbers/20_dset_20260409T102256Z/train.json?display_name=20_dset_20260409T102256Z,20,rs,30013,0.6858531100733671,22.367099391005468,60,8.578068966977298,29.55607437462332,data/experiments/20_dset_20260409T102256Z/rs/optimize_20260409T102700Z/rs_optimize_20260409T102700Z.json?display_name=rs_optimize_20260409T102700Z.json,data/experiments/20_dset_20260409T102256Z/rs/optimize_20260409T102700Z/rs_validate_20260409T102703Z.json?display_name=rs_validate_20260409T102703Z.json
