run_report,dataset,divisor_size,method,seed,final_objective,total_runtime_sec,evaluation_count,time_to_best_sec,validation_relative_improvement_pct,run_file,validation_file
data/experiments/20_dset_20260409T101157Z/rs/optimize_20260409T101510Z/rs_optimize_20260409T101510Z_report.md?display_name=%F0%9F%93%84,data/numbers/20_dset_20260409T101157Z/train.json?display_name=20_dset_20260409T101157Z,20,rs,20011,0.7917195461050142,22.88909773802152,60,5.555710117041599,13.569082806455862,data/experiments/20_dset_20260409T101157Z/rs/optimize_20260409T101510Z/rs_optimize_20260409T101510Z.json?display_name=rs_optimize_20260409T101510Z.json,data/experiments/20_dset_20260409T101157Z/rs/optimize_20260409T101510Z/rs_validate_20260409T101514Z.json?display_name=rs_validate_20260409T101514Z.json
data/experiments/20_dset_20260409T101157Z/rs/optimize_20260409T101537Z/rs_optimize_20260409T101537Z_report.md?display_name=%F0%9F%93%84,data/numbers/20_dset_20260409T101157Z/train.json?display_name=20_dset_20260409T101157Z,20,rs,20011,0.7933866459643468,22.788762747019064,60,2.3450760829728097,18.86487208602378,data/experiments/20_dset_20260409T101157Z/rs/optimize_20260409T101537Z/rs_optimize_20260409T101537Z.json?display_name=rs_optimize_20260409T101537Z.json,data/experiments/20_dset_20260409T101157Z/rs/optimize_20260409T101537Z/rs_validate_20260409T101538Z.json?display_name=rs_validate_20260409T101538Z.json
data/experiments/20_dset_20260409T101157Z/rs/optimize_20260409T101614Z/rs_optimize_20260409T101614Z_report.md?display_name=%F0%9F%93%84,data/numbers/20_dset_20260409T101157Z/train.json?display_name=20_dset_20260409T101157Z,20,rs,20011,0.9779800146061461,38.377927516005,60,1.7765949430176988,23.123706392166092,data/experiments/20_dset_20260409T101157Z/rs/optimize_20260409T101614Z/rs_optimize_20260409T101614Z.json?display_name=rs_optimize_20260409T101614Z.json,data/experiments/20_dset_20260409T101157Z/rs/optimize_20260409T101614Z/rs_validate_20260409T101618Z.json?display_name=rs_validate_20260409T101618Z.json
