run_report,dataset,divisor_size,method,seed,final_objective,total_runtime_sec,evaluation_count,time_to_best_sec,validation_relative_improvement_pct,run_file,validation_file
data/experiments/30_dset_20260409T121414Z/pso/optimize_20260409T122925Z/pso_optimize_20260409T122925Z_report.md?display_name=%F0%9F%93%84,data/numbers/30_dset_20260409T121414Z/train.json?display_name=30_dset_20260409T121414Z,30,pso,30013,0.8163296079437714,70.93119788402691,234,26.21116056101164,88.56010790170315,data/experiments/30_dset_20260409T121414Z/pso/optimize_20260409T122925Z/pso_optimize_20260409T122925Z.json?display_name=pso_optimize_20260409T122925Z.json,data/experiments/30_dset_20260409T121414Z/pso/optimize_20260409T122925Z/pso_validate_20260409T122928Z.json?display_name=pso_validate_20260409T122928Z.json
data/experiments/30_dset_20260409T121414Z/pso/optimize_20260409T123035Z/pso_optimize_20260409T123035Z_report.md?display_name=%F0%9F%93%84,data/numbers/30_dset_20260409T121414Z/train.json?display_name=30_dset_20260409T121414Z,30,pso,30013,0.8559884256392252,70.77349939197302,234,16.671665026980918,88.4803283227962,data/experiments/30_dset_20260409T121414Z/pso/optimize_20260409T123035Z/pso_optimize_20260409T123035Z.json?display_name=pso_optimize_20260409T123035Z.json,data/experiments/30_dset_20260409T121414Z/pso/optimize_20260409T123035Z/pso_validate_20260409T123041Z.json?display_name=pso_validate_20260409T123041Z.json
data/experiments/30_dset_20260409T121414Z/pso/optimize_20260409T123150Z/pso_optimize_20260409T123150Z_report.md?display_name=%F0%9F%93%84,data/numbers/30_dset_20260409T121414Z/train.json?display_name=30_dset_20260409T121414Z,30,pso,30013,0.9006691517715808,73.14107678795699,234,34.95853782998165,88.19605645582371,data/experiments/30_dset_20260409T121414Z/pso/optimize_20260409T123150Z/pso_optimize_20260409T123150Z.json?display_name=pso_optimize_20260409T123150Z.json,data/experiments/30_dset_20260409T121414Z/pso/optimize_20260409T123150Z/pso_validate_20260409T123154Z.json?display_name=pso_validate_20260409T123154Z.json
